DiskSize,DiskType,Inputs,MachineType,NodeCount,PriceHourlyPerNode,ResponseTimes,Zone
30,pd-standard,8265,n1-highcpu-2,8,9.048,1.342246,europe-west2-a
30,pd-standard,9886,n1-highcpu-2,8,9.048,0.798327,europe-west2-a
30,pd-standard,11788,n1-highcpu-2,8,9.048,2.945027,europe-west2-a
30,pd-standard,12166,n1-highcpu-2,8,9.048,1.881148,europe-west2-a
30,pd-standard,12246,n1-highcpu-2,8,9.048,1.501333,europe-west2-a
30,pd-standard,11458,n1-highcpu-2,8,9.048,1.089916,europe-west2-a
30,pd-standard,11372,n1-highcpu-2,8,9.048,1.842159,europe-west2-a
30,pd-standard,6907,n1-highcpu-2,8,9.048,0.995821,europe-west2-a
30,pd-standard,12158,n1-highcpu-2,8,9.048,2.551936,europe-west2-a
30,pd-standard,9622,n1-highcpu-2,8,9.048,3.389924,europe-west2-a
30,pd-standard,9939,n1-highcpu-2,8,9.048,2.809895,europe-west2-a
30,pd-standard,13682,n1-highcpu-2,8,9.048,2.330031,europe-west2-a
30,pd-standard,6908,n1-highcpu-2,8,9.048,1.602639,europe-west2-a
30,pd-standard,10980,n1-highcpu-2,8,9.048,2.160706,europe-west2-a
30,pd-standard,12908,n1-highcpu-2,8,9.048,2.625636,europe-west2-a
30,pd-standard,4177,n1-highcpu-2,8,9.048,0.685983,europe-west2-a
30,pd-standard,8609,n1-highcpu-2,8,9.048,1.32375,europe-west2-a
30,pd-standard,11214,n1-highcpu-2,8,9.048,2.364913,europe-west2-a
30,pd-standard,7724,n1-highcpu-2,8,9.048,1.058648,europe-west2-a
30,pd-standard,16731,n1-highcpu-2,8,9.048,4.03436,europe-west2-a
30,pd-standard,14344,n1-highcpu-2,8,9.048,4.831491,europe-west2-a
30,pd-standard,11486,n1-highcpu-2,8,9.048,1.06608,europe-west2-a
30,pd-standard,9254,n1-highcpu-2,8,9.048,2.434279,europe-west2-a
30,pd-standard,6509,n1-highcpu-2,8,9.048,1.136157,europe-west2-a
30,pd-standard,13963,n1-highcpu-2,8,9.048,2.493958,europe-west2-a
30,pd-standard,10121,n1-highcpu-2,8,9.048,3.454752,europe-west2-a
30,pd-standard,6899,n1-highcpu-2,8,9.048,3.055518,europe-west2-a
30,pd-standard,6808,n1-highcpu-2,8,9.048,1.347597,europe-west2-a
30,pd-standard,13418,n1-highcpu-2,8,9.048,1.451536,europe-west2-a
30,pd-standard,12442,n1-highcpu-2,8,9.048,1.575687,europe-west2-a
30,pd-standard,15057,n1-highcpu-2,8,9.048,2.552497,europe-west2-a
30,pd-standard,10663,n1-highcpu-2,8,9.048,1.873396,europe-west2-a
30,pd-standard,7160,n1-highcpu-2,8,9.048,1.606186,europe-west2-a
30,pd-standard,3399,n1-highcpu-2,8,9.048,1.098708,europe-west2-a
30,pd-standard,7820,n1-highcpu-2,8,9.048,1.887379,europe-west2-a
30,pd-standard,11071,n1-highcpu-2,8,9.048,2.043247,europe-west2-a
30,pd-standard,12903,n1-highcpu-2,8,9.048,2.551401,europe-west2-a
30,pd-standard,10011,n1-highcpu-2,8,9.048,2.842697,europe-west2-a
30,pd-standard,7983,n1-highcpu-2,8,9.048,0.544045,europe-west2-a
30,pd-standard,10605,n1-highcpu-2,8,9.048,2.808847,europe-west2-a
30,pd-standard,14055,n1-highcpu-2,8,9.048,2.32955,europe-west2-a
30,pd-standard,12586,n1-highcpu-2,8,9.048,1.603166,europe-west2-a
30,pd-standard,12405,n1-highcpu-2,8,9.048,2.158731,europe-west2-a
30,pd-standard,8929,n1-highcpu-2,8,9.048,2.625,europe-west2-a
30,pd-standard,7392,n1-highcpu-2,8,9.048,2.014338,europe-west2-a
30,pd-standard,7055,n1-highcpu-2,8,9.048,1.068069,europe-west2-a
30,pd-standard,9425,n1-highcpu-2,8,9.048,1.015695,europe-west2-a
30,pd-standard,8374,n1-highcpu-2,8,9.048,1.300983,europe-west2-a
30,pd-standard,18567,n1-highcpu-2,8,9.048,2.774389,europe-west2-a
30,pd-standard,10485,n1-highcpu-2,8,9.048,2.794947,europe-west2-a
30,pd-standard,8929,n1-highcpu-2,8,9.048,3.316167,europe-west2-a
30,pd-standard,7918,n1-highcpu-2,8,9.048,1.065294,europe-west2-a
30,pd-standard,9486,n1-highcpu-2,8,9.048,2.434285,europe-west2-a
30,pd-standard,7872,n1-highcpu-2,8,9.048,1.135054,europe-west2-a
30,pd-standard,12767,n1-highcpu-2,8,9.048,2.493283,europe-west2-a
30,pd-standard,16139,n1-highcpu-2,8,9.048,3.453781,europe-west2-a
30,pd-standard,13311,n1-highcpu-2,8,9.048,2.066658,europe-west2-a
30,pd-standard,8671,n1-highcpu-2,8,9.048,1.791434,europe-west2-a
30,pd-standard,9883,n1-highcpu-2,8,9.048,1.994661,europe-west2-a
30,pd-standard,14563,n1-highcpu-2,8,9.048,1.194777,europe-west2-a
30,pd-standard,7380,n1-highcpu-2,8,9.048,1.738552,europe-west2-a
30,pd-standard,12239,n1-highcpu-2,8,9.048,2.946495,europe-west2-a
30,pd-standard,9318,n1-highcpu-2,8,9.048,1.88173,europe-west2-a
30,pd-standard,11628,n1-highcpu-2,8,9.048,1.506818,europe-west2-a
30,pd-standard,10038,n1-highcpu-2,8,9.048,1.88622,europe-west2-a
30,pd-standard,8829,n1-highcpu-2,8,9.048,2.043344,europe-west2-a
30,pd-standard,12733,n1-highcpu-2,8,9.048,1.346374,europe-west2-a
30,pd-standard,14210,n1-highcpu-2,8,9.048,2.837174,europe-west2-a
30,pd-standard,11036,n1-highcpu-2,8,9.048,1.207964,europe-west2-a
30,pd-standard,13280,n1-highcpu-2,8,9.048,1.948953,europe-west2-a
30,pd-standard,6670,n1-highcpu-2,8,9.048,0.619342,europe-west2-a
30,pd-standard,11084,n1-highcpu-2,8,9.048,1.600342,europe-west2-a
30,pd-standard,10836,n1-highcpu-2,8,9.048,2.445786,europe-west2-a
30,pd-standard,12100,n1-highcpu-2,8,9.048,1.846874,europe-west2-a
30,pd-standard,10130,n1-highcpu-2,8,9.048,2.290754,europe-west2-a
30,pd-standard,11607,n1-highcpu-2,8,9.048,2.008506,europe-west2-a
30,pd-standard,14023,n1-highcpu-2,8,9.048,3.295703,europe-west2-a
30,pd-standard,13001,n1-highcpu-2,8,9.048,2.428733,europe-west2-a
30,pd-standard,12751,n1-highcpu-2,8,9.048,3.063241,europe-west2-a
30,pd-standard,18989,n1-highcpu-2,8,9.048,2.949611,europe-west2-a
30,pd-standard,16661,n1-highcpu-2,8,9.048,2.947148,europe-west2-a
30,pd-standard,14825,n1-highcpu-2,8,9.048,1.759763,europe-west2-a
30,pd-standard,9596,n1-highcpu-2,8,9.048,1.414239,europe-west2-a
30,pd-standard,9348,n1-highcpu-2,8,9.048,1.341808,europe-west2-a
30,pd-standard,12792,n1-highcpu-2,8,9.048,2.898038,europe-west2-a
30,pd-standard,15699,n1-highcpu-2,8,9.048,4.17294,europe-west2-a
30,pd-standard,13562,n1-highcpu-2,8,9.048,1.792713,europe-west2-a
30,pd-standard,9507,n1-highcpu-2,8,9.048,0.745027,europe-west2-a
30,pd-standard,9552,n1-highcpu-2,8,9.048,0.93316,europe-west2-a
30,pd-standard,14761,n1-highcpu-2,8,9.048,2.549948,europe-west2-a
30,pd-standard,9211,n1-highcpu-2,8,9.048,1.874061,europe-west2-a
30,pd-standard,10548,n1-highcpu-2,8,9.048,1.605724,europe-west2-a
30,pd-standard,12664,n1-highcpu-2,8,9.048,2.19289,europe-west2-a
30,pd-standard,13200,n1-highcpu-2,8,9.048,1.839156,europe-west2-a
30,pd-standard,6396,n1-highcpu-2,8,9.048,2.345574,europe-west2-a
30,pd-standard,18867,n1-highcpu-2,8,9.048,4.049679,europe-west2-a
30,pd-standard,15151,n1-highcpu-2,8,9.048,2.572193,europe-west2-a
30,pd-standard,10055,n1-highcpu-2,8,9.048,1.599895,europe-west2-a
30,pd-standard,8806,n1-highcpu-2,8,9.048,2.445025,europe-west2-a
30,pd-standard,11042,n1-highcpu-2,8,9.048,1.845131,europe-west2-a
30,pd-standard,14042,n1-highcpu-2,8,9.048,2.288944,europe-west2-a
30,pd-standard,9763,n1-highcpu-2,8,9.048,1.317835,europe-west2-a
30,pd-standard,15231,n1-highcpu-2,8,9.048,2.012531,europe-west2-a
30,pd-standard,9021,n1-highcpu-2,8,9.048,1.260153,europe-west2-a
30,pd-standard,7022,n1-highcpu-2,8,9.048,1.658892,europe-west2-a
30,pd-standard,11027,n1-highcpu-2,8,9.048,3.243851,europe-west2-a
30,pd-standard,13572,n1-highcpu-2,8,9.048,2.800605,europe-west2-a
30,pd-standard,12481,n1-highcpu-2,8,9.048,3.316449,europe-west2-a
30,pd-standard,13918,n1-highcpu-2,8,9.048,2.830324,europe-west2-a
30,pd-standard,9689,n1-highcpu-2,8,9.048,1.410219,europe-west2-a
30,pd-standard,11187,n1-highcpu-2,8,9.048,1.340864,europe-west2-a
30,pd-standard,12063,n1-highcpu-2,8,9.048,2.896712,europe-west2-a
30,pd-standard,17881,n1-highcpu-2,8,9.048,4.172471,europe-west2-a
30,pd-standard,10999,n1-highcpu-2,8,9.048,0.983364,europe-west2-a
30,pd-standard,9574,n1-highcpu-2,8,9.048,1.347366,europe-west2-a
30,pd-standard,14056,n1-highcpu-2,8,9.048,1.958916,europe-west2-a
30,pd-standard,10697,n1-highcpu-2,6,8.892000000000001,0.801679,europe-west2-a
30,pd-standard,11305,n1-highcpu-2,6,8.892000000000001,3.74988,europe-west2-a
30,pd-standard,13598,n1-highcpu-2,6,8.892000000000001,3.153597,europe-west2-a
30,pd-standard,12473,n1-highcpu-2,6,8.892000000000001,2.6176619999999997,europe-west2-a
30,pd-standard,13532,n1-highcpu-2,6,8.892000000000001,2.6425349999999996,europe-west2-a
30,pd-standard,13266,n1-highcpu-2,6,8.892000000000001,2.3326830000000003,europe-west2-a
30,pd-standard,14230,n1-highcpu-2,6,8.892000000000001,1.909572,europe-west2-a
30,pd-standard,8258,n1-highcpu-2,6,8.892000000000001,0.662442,europe-west2-a
30,pd-standard,12040,n1-highcpu-2,6,8.892000000000001,3.0950450000000003,europe-west2-a
30,pd-standard,14800,n1-highcpu-2,6,8.892000000000001,3.417646,europe-west2-a
30,pd-standard,8169,n1-highcpu-2,6,8.892000000000001,1.402731,europe-west2-a
30,pd-standard,10365,n1-highcpu-2,6,8.892000000000001,0.87954,europe-west2-a
30,pd-standard,10343,n1-highcpu-2,6,8.892000000000001,1.547554,europe-west2-a
30,pd-standard,11277,n1-highcpu-2,6,8.892000000000001,1.594063,europe-west2-a
30,pd-standard,10125,n1-highcpu-2,6,8.892000000000001,2.022647,europe-west2-a
30,pd-standard,11680,n1-highcpu-2,6,8.892000000000001,1.9585560000000002,europe-west2-a
30,pd-standard,9295,n1-highcpu-2,6,8.892000000000001,2.194522,europe-west2-a
30,pd-standard,14701,n1-highcpu-2,6,8.892000000000001,2.401459,europe-west2-a
30,pd-standard,9238,n1-highcpu-2,6,8.892000000000001,2.186985,europe-west2-a
30,pd-standard,13817,n1-highcpu-2,6,8.892000000000001,3.051152,europe-west2-a
30,pd-standard,9526,n1-highcpu-2,6,8.892000000000001,1.503474,europe-west2-a
30,pd-standard,11842,n1-highcpu-2,6,8.892000000000001,1.368701,europe-west2-a
30,pd-standard,10423,n1-highcpu-2,6,8.892000000000001,1.938305,europe-west2-a
30,pd-standard,11659,n1-highcpu-2,6,8.892000000000001,1.829041,europe-west2-a
30,pd-standard,10916,n1-highcpu-2,6,8.892000000000001,1.776311,europe-west2-a
30,pd-standard,8559,n1-highcpu-2,6,8.892000000000001,1.561339,europe-west2-a
30,pd-standard,4749,n1-highcpu-2,6,8.892000000000001,0.874093,europe-west2-a
30,pd-standard,9694,n1-highcpu-2,6,8.892000000000001,1.54844,europe-west2-a
30,pd-standard,8703,n1-highcpu-2,6,8.892000000000001,1.8328349999999998,europe-west2-a
30,pd-standard,8612,n1-highcpu-2,6,8.892000000000001,1.4506059999999998,europe-west2-a
30,pd-standard,10338,n1-highcpu-2,6,8.892000000000001,2.1008880000000003,europe-west2-a
30,pd-standard,7265,n1-highcpu-2,6,8.892000000000001,3.068803,europe-west2-a
30,pd-standard,13037,n1-highcpu-2,6,8.892000000000001,3.9321080000000004,europe-west2-a
30,pd-standard,9470,n1-highcpu-2,6,8.892000000000001,2.269787,europe-west2-a
30,pd-standard,12320,n1-highcpu-2,6,8.892000000000001,1.84447,europe-west2-a
30,pd-standard,6150,n1-highcpu-2,6,8.892000000000001,3.3354410000000003,europe-west2-a
30,pd-standard,9966,n1-highcpu-2,6,8.892000000000001,2.045863,europe-west2-a
30,pd-standard,16585,n1-highcpu-2,6,8.892000000000001,2.9863419999999996,europe-west2-a
30,pd-standard,14838,n1-highcpu-2,6,8.892000000000001,3.551131,europe-west2-a
30,pd-standard,11954,n1-highcpu-2,6,8.892000000000001,1.9027939999999999,europe-west2-a
30,pd-standard,9599,n1-highcpu-2,6,8.892000000000001,1.14441,europe-west2-a
30,pd-standard,12555,n1-highcpu-2,6,8.892000000000001,2.093819,europe-west2-a
30,pd-standard,7509,n1-highcpu-2,6,8.892000000000001,2.251983,europe-west2-a
30,pd-standard,11943,n1-highcpu-2,6,8.892000000000001,1.74135,europe-west2-a
30,pd-standard,12294,n1-highcpu-2,6,8.892000000000001,1.7347110000000001,europe-west2-a
30,pd-standard,11498,n1-highcpu-2,6,8.892000000000001,1.726104,europe-west2-a
30,pd-standard,13559,n1-highcpu-2,6,8.892000000000001,1.49963,europe-west2-a
30,pd-standard,15186,n1-highcpu-2,6,8.892000000000001,2.205804,europe-west2-a
30,pd-standard,12350,n1-highcpu-2,6,8.892000000000001,1.527595,europe-west2-a
30,pd-standard,9207,n1-highcpu-2,6,8.892000000000001,2.761735,europe-west2-a
30,pd-standard,12902,n1-highcpu-2,6,8.892000000000001,2.056669,europe-west2-a
30,pd-standard,8919,n1-highcpu-2,6,8.892000000000001,1.829736,europe-west2-a
30,pd-standard,9417,n1-highcpu-2,6,8.892000000000001,1.7753450000000002,europe-west2-a
30,pd-standard,9008,n1-highcpu-2,6,8.892000000000001,1.562084,europe-west2-a
30,pd-standard,2870,n1-highcpu-2,6,8.892000000000001,0.873698,europe-west2-a
30,pd-standard,9839,n1-highcpu-2,6,8.892000000000001,0.791319,europe-west2-a
30,pd-standard,11599,n1-highcpu-2,6,8.892000000000001,2.586994,europe-west2-a
30,pd-standard,8514,n1-highcpu-2,6,8.892000000000001,1.896824,europe-west2-a
30,pd-standard,12477,n1-highcpu-2,6,8.892000000000001,0.8820479999999999,europe-west2-a
30,pd-standard,13495,n1-highcpu-2,6,8.892000000000001,2.6993549999999997,europe-west2-a
30,pd-standard,14526,n1-highcpu-2,6,8.892000000000001,3.0725860000000003,europe-west2-a
30,pd-standard,18884,n1-highcpu-2,6,8.892000000000001,3.9308970000000003,europe-west2-a
30,pd-standard,14624,n1-highcpu-2,6,8.892000000000001,2.2760990000000003,europe-west2-a
30,pd-standard,10339,n1-highcpu-2,6,8.892000000000001,1.844265,europe-west2-a
30,pd-standard,15565,n1-highcpu-2,6,8.892000000000001,3.335065,europe-west2-a
30,pd-standard,3511,n1-highcpu-2,6,8.892000000000001,1.450597,europe-west2-a
30,pd-standard,14556,n1-highcpu-2,6,8.892000000000001,3.3102940000000003,europe-west2-a
30,pd-standard,12198,n1-highcpu-2,6,8.892000000000001,1.796313,europe-west2-a
30,pd-standard,13333,n1-highcpu-2,6,8.892000000000001,2.022497,europe-west2-a
30,pd-standard,8475,n1-highcpu-2,6,8.892000000000001,1.9028900000000002,europe-west2-a
30,pd-standard,8429,n1-highcpu-2,6,8.892000000000001,1.144724,europe-west2-a
30,pd-standard,10751,n1-highcpu-2,6,8.892000000000001,2.09441,europe-west2-a
30,pd-standard,13008,n1-highcpu-2,6,8.892000000000001,2.2524040000000003,europe-west2-a
30,pd-standard,11162,n1-highcpu-2,6,8.892000000000001,1.74232,europe-west2-a
30,pd-standard,7417,n1-highcpu-2,6,8.892000000000001,1.7381970000000002,europe-west2-a
30,pd-standard,13958,n1-highcpu-2,6,8.892000000000001,3.2324080000000004,europe-west2-a
30,pd-standard,6104,n1-highcpu-2,6,8.892000000000001,2.204466,europe-west2-a
30,pd-standard,14007,n1-highcpu-2,6,8.892000000000001,3.186411,europe-west2-a
30,pd-standard,9721,n1-highcpu-2,6,8.892000000000001,2.306093,europe-west2-a
30,pd-standard,13438,n1-highcpu-2,6,8.892000000000001,1.672606,europe-west2-a
30,pd-standard,12098,n1-highcpu-2,6,8.892000000000001,2.0348330000000003,europe-west2-a
30,pd-standard,10237,n1-highcpu-2,6,8.892000000000001,1.7083720000000002,europe-west2-a
30,pd-standard,8896,n1-highcpu-2,6,8.892000000000001,1.4896690000000001,europe-west2-a
30,pd-standard,9811,n1-highcpu-2,6,8.892000000000001,1.548798,europe-west2-a
30,pd-standard,12452,n1-highcpu-2,6,8.892000000000001,3.1391560000000003,europe-west2-a
30,pd-standard,7469,n1-highcpu-2,6,8.892000000000001,0.597504,europe-west2-a
30,pd-standard,12446,n1-highcpu-2,6,8.892000000000001,0.993016,europe-west2-a
30,pd-standard,12528,n1-highcpu-2,6,8.892000000000001,3.7506519999999997,europe-west2-a
30,pd-standard,11799,n1-highcpu-2,6,8.892000000000001,3.153671,europe-west2-a
30,pd-standard,8010,n1-highcpu-2,6,8.892000000000001,2.618137,europe-west2-a
30,pd-standard,10413,n1-highcpu-2,6,8.892000000000001,2.642697,europe-west2-a
30,pd-standard,13686,n1-highcpu-2,6,8.892000000000001,2.332436,europe-west2-a
30,pd-standard,16145,n1-highcpu-2,6,8.892000000000001,4.518524,europe-west2-a
30,pd-standard,12426,n1-highcpu-2,6,8.892000000000001,3.6920550000000003,europe-west2-a
30,pd-standard,8788,n1-highcpu-2,6,8.892000000000001,0.8799239999999999,europe-west2-a
30,pd-standard,9915,n1-highcpu-2,6,8.892000000000001,2.288153,europe-west2-a
30,pd-standard,8182,n1-highcpu-2,6,8.892000000000001,1.547852,europe-west2-a
30,pd-standard,10212,n1-highcpu-2,6,8.892000000000001,1.594784,europe-west2-a
30,pd-standard,10587,n1-highcpu-2,6,8.892000000000001,2.022297,europe-west2-a
30,pd-standard,8714,n1-highcpu-2,6,8.892000000000001,1.345059,europe-west2-a
30,pd-standard,8616,n1-highcpu-2,6,8.892000000000001,0.609243,europe-west2-a
30,pd-standard,11635,n1-highcpu-2,6,8.892000000000001,2.194472,europe-west2-a
30,pd-standard,9990,n1-highcpu-2,6,8.892000000000001,2.401534,europe-west2-a
30,pd-standard,7936,n1-highcpu-2,6,8.892000000000001,2.187376,europe-west2-a
30,pd-standard,13564,n1-highcpu-2,6,8.892000000000001,3.051882,europe-west2-a
30,pd-standard,9247,n1-highcpu-2,6,8.892000000000001,1.437934,europe-west2-a
30,pd-standard,4324,n1-highcpu-2,6,8.892000000000001,0.675309,europe-west2-a
30,pd-standard,12326,n1-highcpu-2,6,8.892000000000001,1.840423,europe-west2-a
30,pd-standard,9716,n1-highcpu-2,6,8.892000000000001,1.6724080000000001,europe-west2-a
30,pd-standard,11375,n1-highcpu-2,6,8.892000000000001,2.03467,europe-west2-a
30,pd-standard,10915,n1-highcpu-2,6,8.892000000000001,1.708984,europe-west2-a
30,pd-standard,13392,n1-highcpu-2,6,8.892000000000001,2.2873759999999996,europe-west2-a
30,pd-standard,15182,n1-highcpu-2,6,8.892000000000001,2.588967,europe-west2-a
30,pd-standard,13271,n1-highcpu-2,6,8.892000000000001,1.897603,europe-west2-a
30,pd-standard,12536,n1-highcpu-2,3,9.282,0.935449,europe-west2-a
30,pd-standard,11965,n1-highcpu-2,3,9.282,2.570431,europe-west2-a
30,pd-standard,11937,n1-highcpu-2,3,9.282,1.6959259999999998,europe-west2-a
30,pd-standard,5456,n1-highcpu-2,3,9.282,0.701253,europe-west2-a
30,pd-standard,10479,n1-highcpu-2,3,9.282,0.8912399999999999,europe-west2-a
30,pd-standard,9767,n1-highcpu-2,3,9.282,2.901357,europe-west2-a
30,pd-standard,14410,n1-highcpu-2,3,9.282,2.545305,europe-west2-a
30,pd-standard,14185,n1-highcpu-2,3,9.282,2.155147,europe-west2-a
30,pd-standard,12235,n1-highcpu-2,3,9.282,2.110272,europe-west2-a
30,pd-standard,12058,n1-highcpu-2,3,9.282,1.475961,europe-west2-a
30,pd-standard,9879,n1-highcpu-2,3,9.282,1.463897,europe-west2-a
30,pd-standard,7402,n1-highcpu-2,3,9.282,1.080222,europe-west2-a
30,pd-standard,9831,n1-highcpu-2,3,9.282,1.237572,europe-west2-a
30,pd-standard,12040,n1-highcpu-2,3,9.282,1.912015,europe-west2-a
30,pd-standard,7171,n1-highcpu-2,3,9.282,1.741396,europe-west2-a
30,pd-standard,11625,n1-highcpu-2,3,9.282,1.297265,europe-west2-a
30,pd-standard,5240,n1-highcpu-2,3,9.282,1.728282,europe-west2-a
30,pd-standard,14948,n1-highcpu-2,3,9.282,1.801904,europe-west2-a
30,pd-standard,13325,n1-highcpu-2,3,9.282,2.30913,europe-west2-a
30,pd-standard,15053,n1-highcpu-2,3,9.282,3.501043,europe-west2-a
30,pd-standard,14043,n1-highcpu-2,3,9.282,1.601398,europe-west2-a
30,pd-standard,14123,n1-highcpu-2,3,9.282,2.859739,europe-west2-a
30,pd-standard,8015,n1-highcpu-2,3,9.282,2.103748,europe-west2-a
30,pd-standard,9530,n1-highcpu-2,3,9.282,2.151908,europe-west2-a
30,pd-standard,10099,n1-highcpu-2,3,9.282,1.565848,europe-west2-a
30,pd-standard,17855,n1-highcpu-2,3,9.282,2.718278,europe-west2-a
30,pd-standard,11636,n1-highcpu-2,3,9.282,2.141748,europe-west2-a
30,pd-standard,18651,n1-highcpu-2,3,9.282,3.095862,europe-west2-a
30,pd-standard,13067,n1-highcpu-2,3,9.282,2.048314,europe-west2-a
30,pd-standard,15053,n1-highcpu-2,3,9.282,2.389407,europe-west2-a
30,pd-standard,12457,n1-highcpu-2,3,9.282,2.620572,europe-west2-a
30,pd-standard,5550,n1-highcpu-2,3,9.282,0.467053,europe-west2-a
30,pd-standard,3444,n1-highcpu-2,3,9.282,0.586079,europe-west2-a
30,pd-standard,12313,n1-highcpu-2,3,9.282,2.570723,europe-west2-a
30,pd-standard,11178,n1-highcpu-2,3,9.282,1.694591,europe-west2-a
30,pd-standard,4151,n1-highcpu-2,3,9.282,0.700345,europe-west2-a
30,pd-standard,12202,n1-highcpu-2,3,9.282,1.742287,europe-west2-a
30,pd-standard,10154,n1-highcpu-2,3,9.282,3.1188860000000003,europe-west2-a
30,pd-standard,11793,n1-highcpu-2,3,9.282,1.5692,europe-west2-a
30,pd-standard,13025,n1-highcpu-2,3,9.282,3.53442,europe-west2-a
30,pd-standard,5292,n1-highcpu-2,3,9.282,0.8608809999999999,europe-west2-a
30,pd-standard,16419,n1-highcpu-2,3,9.282,3.79502,europe-west2-a
30,pd-standard,12343,n1-highcpu-2,3,9.282,1.2486,europe-west2-a
30,pd-standard,11517,n1-highcpu-2,3,9.282,1.911684,europe-west2-a
30,pd-standard,12462,n1-highcpu-2,3,9.282,1.7410419999999998,europe-west2-a
30,pd-standard,3066,n1-highcpu-2,3,9.282,1.112538,europe-west2-a
30,pd-standard,6561,n1-highcpu-2,3,9.282,0.748112,europe-west2-a
30,pd-standard,10783,n1-highcpu-2,3,9.282,2.967419,europe-west2-a
30,pd-standard,10689,n1-highcpu-2,3,9.282,2.30852,europe-west2-a
30,pd-standard,10254,n1-highcpu-2,3,9.282,1.339127,europe-west2-a
30,pd-standard,11784,n1-highcpu-2,3,9.282,2.156148,europe-west2-a
30,pd-standard,16012,n1-highcpu-2,3,9.282,2.900822,europe-west2-a
30,pd-standard,11840,n1-highcpu-2,3,9.282,2.695278,europe-west2-a
30,pd-standard,8890,n1-highcpu-2,3,9.282,0.966941,europe-west2-a
30,pd-standard,12233,n1-highcpu-2,3,9.282,1.6761849999999998,europe-west2-a
30,pd-standard,9297,n1-highcpu-2,3,9.282,1.219739,europe-west2-a
30,pd-standard,7030,n1-highcpu-2,3,9.282,0.81795,europe-west2-a
30,pd-standard,5159,n1-highcpu-2,3,9.282,2.188386,europe-west2-a
30,pd-standard,14213,n1-highcpu-2,3,9.282,2.561831,europe-west2-a
30,pd-standard,15002,n1-highcpu-2,3,9.282,3.120316,europe-west2-a
30,pd-standard,11059,n1-highcpu-2,3,9.282,1.385273,europe-west2-a
30,pd-standard,9671,n1-highcpu-2,3,9.282,1.684033,europe-west2-a
30,pd-standard,17920,n1-highcpu-2,3,9.282,3.910932,europe-west2-a
30,pd-standard,8624,n1-highcpu-2,3,9.282,0.444809,europe-west2-a
30,pd-standard,15400,n1-highcpu-2,3,9.282,1.994068,europe-west2-a
30,pd-standard,13445,n1-highcpu-2,3,9.282,1.6447189999999998,europe-west2-a
30,pd-standard,9362,n1-highcpu-2,3,9.282,1.908591,europe-west2-a
30,pd-standard,10109,n1-highcpu-2,3,9.282,1.741872,europe-west2-a
30,pd-standard,9203,n1-highcpu-2,3,9.282,2.049138,europe-west2-a
30,pd-standard,10501,n1-highcpu-2,3,9.282,1.435169,europe-west2-a
30,pd-standard,10838,n1-highcpu-2,3,9.282,2.836286,europe-west2-a
30,pd-standard,5728,n1-highcpu-2,3,9.282,1.357321,europe-west2-a
30,pd-standard,15648,n1-highcpu-2,3,9.282,2.657673,europe-west2-a
30,pd-standard,7280,n1-highcpu-2,3,9.282,1.463571,europe-west2-a
30,pd-standard,6666,n1-highcpu-2,3,9.282,2.322184,europe-west2-a
30,pd-standard,8837,n1-highcpu-2,3,9.282,0.744694,europe-west2-a
30,pd-standard,16892,n1-highcpu-2,3,9.282,3.388071,europe-west2-a
30,pd-standard,15338,n1-highcpu-2,3,9.282,2.565529,europe-west2-a
30,pd-standard,13011,n1-highcpu-2,3,9.282,3.178292,europe-west2-a
30,pd-standard,8272,n1-highcpu-2,3,9.282,1.478936,europe-west2-a
30,pd-standard,8823,n1-highcpu-2,3,9.282,2.936632,europe-west2-a
30,pd-standard,12456,n1-highcpu-2,3,9.282,2.902691,europe-west2-a
30,pd-standard,14661,n1-highcpu-2,3,9.282,3.666423,europe-west2-a
30,pd-standard,13980,n1-highcpu-2,3,9.282,2.140198,europe-west2-a
30,pd-standard,9497,n1-highcpu-2,3,9.282,0.75552,europe-west2-a
30,pd-standard,12676,n1-highcpu-2,3,9.282,2.12945,europe-west2-a
30,pd-standard,8073,n1-highcpu-2,3,9.282,2.370699,europe-west2-a
30,pd-standard,9941,n1-highcpu-2,3,9.282,2.997891,europe-west2-a
30,pd-standard,9718,n1-highcpu-2,3,9.282,2.308759,europe-west2-a
30,pd-standard,8018,n1-highcpu-2,3,9.282,1.011389,europe-west2-a
30,pd-standard,12894,n1-highcpu-2,3,9.282,2.390178,europe-west2-a
30,pd-standard,7793,n1-highcpu-2,3,9.282,2.462944,europe-west2-a
30,pd-standard,13735,n1-highcpu-2,3,9.282,1.930757,europe-west2-a
30,pd-standard,4651,n1-highcpu-2,3,9.282,1.644354,europe-west2-a
30,pd-standard,12569,n1-highcpu-2,3,9.282,2.813632,europe-west2-a
30,pd-standard,15896,n1-highcpu-2,3,9.282,2.901238,europe-west2-a
30,pd-standard,6782,n1-highcpu-2,3,9.282,1.696725,europe-west2-a
30,pd-standard,16420,n1-highcpu-2,3,9.282,3.2681,europe-west2-a
30,pd-standard,12105,n1-highcpu-2,3,9.282,2.0692310000000003,europe-west2-a
30,pd-standard,5620,n1-highcpu-2,3,9.282,2.720757,europe-west2-a
30,pd-standard,11488,n1-highcpu-2,3,9.282,1.0699299999999998,europe-west2-a
30,pd-standard,10542,n1-highcpu-2,3,9.282,1.998362,europe-west2-a
30,pd-standard,3531,n1-highcpu-2,3,9.282,2.908137,europe-west2-a
30,pd-standard,10110,n1-highcpu-2,3,9.282,1.640462,europe-west2-a
30,pd-standard,11820,n1-highcpu-2,3,9.282,1.402256,europe-west2-a
30,pd-standard,12048,n1-highcpu-2,3,9.282,3.178943,europe-west2-a
30,pd-standard,11603,n1-highcpu-2,3,9.282,1.478581,europe-west2-a
30,pd-standard,16032,n1-highcpu-2,3,9.282,4.543167,europe-west2-a
30,pd-standard,13940,n1-highcpu-2,3,9.282,2.8599,europe-west2-a
30,pd-standard,9120,n1-highcpu-2,3,9.282,3.5420540000000003,europe-west2-a
30,pd-standard,7583,n1-highcpu-2,3,9.282,0.714078,europe-west2-a
30,pd-standard,6232,n1-highcpu-2,3,9.282,1.566494,europe-west2-a
30,pd-standard,10407,n1-highcpu-2,3,9.282,2.641855,europe-west2-a
30,pd-standard,11054,n1-highcpu-2,3,9.282,1.624662,europe-west2-a
30,pd-standard,3544,n1-highcpu-2,3,9.282,0.81329,europe-west2-a
30,pd-standard,12489,n1-highcpu-2,3,9.282,3.546142,europe-west2-a
30,pd-standard,5862,n1-highcpu-2,3,9.282,0.629787,europe-west2-a
30,pd-standard,10943,n1-highcpu-2,3,9.282,1.683395,europe-west2-a
30,pd-standard,10691,n1-highcpu-2,3,9.282,3.911343,europe-west2-a
30,pd-standard,11115,n1-standard-2,8,12.4474,2.055323,europe-west2-a
30,pd-standard,10267,n1-standard-2,8,12.4474,1.438675,europe-west2-a
30,pd-standard,11276,n1-standard-2,8,12.4474,3.236488,europe-west2-a
30,pd-standard,8376,n1-standard-2,8,12.4474,1.069494,europe-west2-a
30,pd-standard,11765,n1-standard-2,8,12.4474,1.8316119999999998,europe-west2-a
30,pd-standard,13249,n1-standard-2,8,12.4474,3.242464,europe-west2-a
30,pd-standard,16738,n1-standard-2,8,12.4474,4.861578,europe-west2-a
30,pd-standard,10504,n1-standard-2,8,12.4474,1.392635,europe-west2-a
30,pd-standard,13750,n1-standard-2,8,12.4474,1.8769669999999998,europe-west2-a
30,pd-standard,6772,n1-standard-2,8,12.4474,1.917875,europe-west2-a
30,pd-standard,7417,n1-standard-2,8,12.4474,0.908942,europe-west2-a
30,pd-standard,12499,n1-standard-2,8,12.4474,2.674771,europe-west2-a
30,pd-standard,8178,n1-standard-2,8,12.4474,2.154185,europe-west2-a
30,pd-standard,12097,n1-standard-2,8,12.4474,1.982865,europe-west2-a
30,pd-standard,3458,n1-standard-2,8,12.4474,1.1708049999999999,europe-west2-a
30,pd-standard,9829,n1-standard-2,8,12.4474,0.9691420000000001,europe-west2-a
30,pd-standard,14515,n1-standard-2,8,12.4474,2.310093,europe-west2-a
30,pd-standard,9568,n1-standard-2,8,12.4474,2.353564,europe-west2-a
30,pd-standard,7621,n1-standard-2,8,12.4474,0.727772,europe-west2-a
30,pd-standard,12227,n1-standard-2,8,12.4474,2.178775,europe-west2-a
30,pd-standard,16714,n1-standard-2,8,12.4474,3.160906,europe-west2-a
30,pd-standard,5959,n1-standard-2,8,12.4474,0.367149,europe-west2-a
30,pd-standard,7124,n1-standard-2,8,12.4474,1.633504,europe-west2-a
30,pd-standard,11999,n1-standard-2,8,12.4474,2.713176,europe-west2-a
30,pd-standard,11146,n1-standard-2,8,12.4474,3.054651,europe-west2-a
30,pd-standard,11215,n1-standard-2,8,12.4474,3.0646709999999997,europe-west2-a
30,pd-standard,7957,n1-standard-2,8,12.4474,1.8842700000000001,europe-west2-a
30,pd-standard,11063,n1-standard-2,8,12.4474,1.974978,europe-west2-a
30,pd-standard,12840,n1-standard-2,8,12.4474,2.592132,europe-west2-a
30,pd-standard,6475,n1-standard-2,8,12.4474,0.252562,europe-west2-a
30,pd-standard,17289,n1-standard-2,8,12.4474,2.069313,europe-west2-a
30,pd-standard,10562,n1-standard-2,8,12.4474,2.87909,europe-west2-a
30,pd-standard,10681,n1-standard-2,8,12.4474,1.795991,europe-west2-a
30,pd-standard,9259,n1-standard-2,8,12.4474,1.067852,europe-west2-a
30,pd-standard,13155,n1-standard-2,8,12.4474,3.100124,europe-west2-a
30,pd-standard,15709,n1-standard-2,8,12.4474,3.9164190000000003,europe-west2-a
30,pd-standard,12060,n1-standard-2,8,12.4474,2.057969,europe-west2-a
30,pd-standard,14049,n1-standard-2,8,12.4474,3.523504,europe-west2-a
30,pd-standard,9807,n1-standard-2,8,12.4474,1.306039,europe-west2-a
30,pd-standard,13294,n1-standard-2,8,12.4474,3.051915,europe-west2-a
30,pd-standard,12681,n1-standard-2,8,12.4474,2.4994669999999997,europe-west2-a
30,pd-standard,15941,n1-standard-2,8,12.4474,2.386351,europe-west2-a
30,pd-standard,12594,n1-standard-2,8,12.4474,2.345916,europe-west2-a
30,pd-standard,6979,n1-standard-2,8,12.4474,0.850534,europe-west2-a
30,pd-standard,5496,n1-standard-2,8,12.4474,1.643157,europe-west2-a
30,pd-standard,12301,n1-standard-2,8,12.4474,1.420289,europe-west2-a
30,pd-standard,11465,n1-standard-2,8,12.4474,1.633046,europe-west2-a
30,pd-standard,11989,n1-standard-2,8,12.4474,2.8203099999999997,europe-west2-a
30,pd-standard,18389,n1-standard-2,8,12.4474,2.728212,europe-west2-a
30,pd-standard,10600,n1-standard-2,8,12.4474,1.698634,europe-west2-a
30,pd-standard,10063,n1-standard-2,8,12.4474,2.282111,europe-west2-a
30,pd-standard,8959,n1-standard-2,8,12.4474,1.164167,europe-west2-a
30,pd-standard,10222,n1-standard-2,8,12.4474,1.140136,europe-west2-a
30,pd-standard,6773,n1-standard-2,8,12.4474,1.9095630000000001,europe-west2-a
30,pd-standard,13865,n1-standard-2,8,12.4474,1.5512270000000001,europe-west2-a
30,pd-standard,11987,n1-standard-2,8,12.4474,2.891934,europe-west2-a
30,pd-standard,13472,n1-standard-2,8,12.4474,1.5061280000000001,europe-west2-a
30,pd-standard,17138,n1-standard-2,8,12.4474,2.466548,europe-west2-a
30,pd-standard,13199,n1-standard-2,8,12.4474,3.211389,europe-west2-a
30,pd-standard,13378,n1-standard-2,8,12.4474,1.4346290000000002,europe-west2-a
30,pd-standard,10135,n1-standard-2,8,12.4474,1.7969830000000002,europe-west2-a
30,pd-standard,7796,n1-standard-2,8,12.4474,0.495913,europe-west2-a
30,pd-standard,8941,n1-standard-2,8,12.4474,2.402875,europe-west2-a
30,pd-standard,16809,n1-standard-2,8,12.4474,3.241341,europe-west2-a
30,pd-standard,11844,n1-standard-2,8,12.4474,1.938577,europe-west2-a
30,pd-standard,13347,n1-standard-2,8,12.4474,3.9090050000000014,europe-west2-a
30,pd-standard,12422,n1-standard-2,8,12.4474,2.2001470000000003,europe-west2-a
30,pd-standard,15590,n1-standard-2,8,12.4474,1.9977639999999999,europe-west2-a
30,pd-standard,7600,n1-standard-2,8,12.4474,1.213101,europe-west2-a
30,pd-standard,7754,n1-standard-2,8,12.4474,1.246226,europe-west2-a
30,pd-standard,9707,n1-standard-2,8,12.4474,1.905963,europe-west2-a
30,pd-standard,10549,n1-standard-2,8,12.4474,2.058023,europe-west2-a
30,pd-standard,11166,n1-standard-2,8,12.4474,2.068253,europe-west2-a
30,pd-standard,7691,n1-standard-2,8,12.4474,0.978981,europe-west2-a
30,pd-standard,3309,n1-standard-2,8,12.4474,0.599341,europe-west2-a
30,pd-standard,12466,n1-standard-2,8,12.4474,1.531031,europe-west2-a
30,pd-standard,10090,n1-standard-2,8,12.4474,1.894211,europe-west2-a
30,pd-standard,11095,n1-standard-2,8,12.4474,1.043851,europe-west2-a
30,pd-standard,9011,n1-standard-2,8,12.4474,0.69963,europe-west2-a
30,pd-standard,11120,n1-standard-2,8,12.4474,4.910408,europe-west2-a
30,pd-standard,12371,n1-standard-2,8,12.4474,1.698407,europe-west2-a
30,pd-standard,15332,n1-standard-2,8,12.4474,2.2829200000000003,europe-west2-a
30,pd-standard,13855,n1-standard-2,8,12.4474,2.310002,europe-west2-a
30,pd-standard,14405,n1-standard-2,8,12.4474,3.4676910000000003,europe-west2-a
30,pd-standard,7989,n1-standard-2,8,12.4474,1.505036,europe-west2-a
30,pd-standard,13029,n1-standard-2,8,12.4474,1.381005,europe-west2-a
30,pd-standard,8294,n1-standard-2,8,12.4474,1.510159,europe-west2-a
30,pd-standard,8697,n1-standard-2,8,12.4474,2.467954,europe-west2-a
30,pd-standard,11258,n1-standard-2,8,12.4474,1.087512,europe-west2-a
30,pd-standard,12896,n1-standard-2,8,12.4474,3.2168639999999997,europe-west2-a
30,pd-standard,11691,n1-standard-2,8,12.4474,1.459752,europe-west2-a
30,pd-standard,10902,n1-standard-2,8,12.4474,2.2730360000000003,europe-west2-a
30,pd-standard,15192,n1-standard-2,8,12.4474,2.402836,europe-west2-a
30,pd-standard,12390,n1-standard-2,8,12.4474,1.263895,europe-west2-a
30,pd-standard,12286,n1-standard-2,8,12.4474,3.915868,europe-west2-a
30,pd-standard,7638,n1-standard-2,8,12.4474,1.634117,europe-west2-a
30,pd-standard,10316,n1-standard-2,8,12.4474,1.4004889999999999,europe-west2-a
30,pd-standard,7196,n1-standard-2,8,12.4474,1.440042,europe-west2-a
30,pd-standard,8771,n1-standard-2,8,12.4474,2.410006,europe-west2-a
30,pd-standard,8945,n1-standard-2,8,12.4474,1.217301,europe-west2-a
30,pd-standard,10801,n1-standard-2,8,12.4474,2.302139,europe-west2-a
30,pd-standard,15323,n1-standard-2,8,12.4474,2.557095,europe-west2-a
30,pd-standard,11024,n1-standard-2,8,12.4474,2.773333,europe-west2-a
30,pd-standard,9926,n1-standard-2,8,12.4474,0.9585870000000001,europe-west2-a
30,pd-standard,8611,n1-standard-2,8,12.4474,1.232291,europe-west2-a
30,pd-standard,5229,n1-standard-2,8,12.4474,0.49433299999999997,europe-west2-a
30,pd-standard,8845,n1-standard-2,8,12.4474,2.5028669999999997,europe-west2-a
30,pd-standard,8070,n1-standard-2,8,12.4474,0.723761,europe-west2-a
30,pd-standard,3275,n1-standard-2,8,12.4474,1.05891,europe-west2-a
30,pd-standard,16565,n1-standard-2,8,12.4474,2.8206450000000003,europe-west2-a
30,pd-standard,8108,n1-standard-2,8,12.4474,3.5336839999999996,europe-west2-a
30,pd-standard,9940,n1-standard-2,8,12.4474,1.633551,europe-west2-a
30,pd-standard,10485,n1-standard-2,8,12.4474,2.711361,europe-west2-a
30,pd-standard,16473,n1-standard-2,8,12.4474,3.055564,europe-west2-a
30,pd-standard,13749,n1-standard-2,8,12.4474,3.0639819999999998,europe-west2-a
30,pd-standard,9958,n1-standard-2,8,12.4474,1.883707,europe-west2-a
30,pd-standard,8289,n1-standard-2,8,12.4474,1.9738360000000001,europe-west2-a
30,pd-standard,8552,n1-standard-2,8,12.4474,1.4984110000000002,europe-west2-a
30,pd-standard,8475,n1-standard-2,8,12.4474,1.3957899999999999,europe-west2-a
30,pd-standard,7597,n1-standard-2,6,11.8198,2.099192,europe-west2-a
30,pd-standard,14493,n1-standard-2,6,11.8198,2.769562,europe-west2-a
30,pd-standard,16472,n1-standard-2,6,11.8198,2.660531,europe-west2-a
30,pd-standard,8225,n1-standard-2,6,11.8198,1.058551,europe-west2-a
30,pd-standard,15722,n1-standard-2,6,11.8198,2.983843,europe-west2-a
30,pd-standard,10225,n1-standard-2,6,11.8198,0.962102,europe-west2-a
30,pd-standard,14469,n1-standard-2,6,11.8198,2.448357,europe-west2-a
30,pd-standard,18283,n1-standard-2,6,11.8198,2.654429,europe-west2-a
30,pd-standard,14196,n1-standard-2,6,11.8198,4.099343,europe-west2-a
30,pd-standard,8136,n1-standard-2,6,11.8198,0.602633,europe-west2-a
30,pd-standard,11113,n1-standard-2,6,11.8198,3.438178,europe-west2-a
30,pd-standard,14162,n1-standard-2,6,11.8198,3.4345800000000004,europe-west2-a
30,pd-standard,10314,n1-standard-2,6,11.8198,2.147205,europe-west2-a
30,pd-standard,6916,n1-standard-2,6,11.8198,0.8630629999999999,europe-west2-a
30,pd-standard,11290,n1-standard-2,6,11.8198,1.0679299999999998,europe-west2-a
30,pd-standard,9255,n1-standard-2,6,11.8198,1.893807,europe-west2-a
30,pd-standard,14194,n1-standard-2,6,11.8198,2.479446,europe-west2-a
30,pd-standard,6114,n1-standard-2,6,11.8198,1.866377,europe-west2-a
30,pd-standard,4898,n1-standard-2,6,11.8198,0.269831,europe-west2-a
30,pd-standard,7463,n1-standard-2,6,11.8198,1.680477,europe-west2-a
30,pd-standard,13612,n1-standard-2,6,11.8198,2.0613200000000003,europe-west2-a
30,pd-standard,10497,n1-standard-2,6,11.8198,2.330485,europe-west2-a
30,pd-standard,16323,n1-standard-2,6,11.8198,2.161198,europe-west2-a
30,pd-standard,6426,n1-standard-2,6,11.8198,0.985775,europe-west2-a
30,pd-standard,15174,n1-standard-2,6,11.8198,2.224996,europe-west2-a
30,pd-standard,7703,n1-standard-2,6,11.8198,1.04122,europe-west2-a
30,pd-standard,14917,n1-standard-2,6,11.8198,3.041535,europe-west2-a
30,pd-standard,10319,n1-standard-2,6,11.8198,1.8907650000000005,europe-west2-a
30,pd-standard,8811,n1-standard-2,6,11.8198,0.754844,europe-west2-a
30,pd-standard,8711,n1-standard-2,6,11.8198,1.89882,europe-west2-a
30,pd-standard,13495,n1-standard-2,6,11.8198,1.909887,europe-west2-a
30,pd-standard,13187,n1-standard-2,6,11.8198,2.770286,europe-west2-a
30,pd-standard,10560,n1-standard-2,6,11.8198,2.659452,europe-west2-a
30,pd-standard,13306,n1-standard-2,6,11.8198,2.252225,europe-west2-a
30,pd-standard,12468,n1-standard-2,6,11.8198,2.757786,europe-west2-a
30,pd-standard,5216,n1-standard-2,6,11.8198,2.448128,europe-west2-a
30,pd-standard,11335,n1-standard-2,6,11.8198,3.679659,europe-west2-a
30,pd-standard,14039,n1-standard-2,6,11.8198,3.681848000000001,europe-west2-a
30,pd-standard,12977,n1-standard-2,6,11.8198,3.437757,europe-west2-a
30,pd-standard,14947,n1-standard-2,6,11.8198,3.435366,europe-west2-a
30,pd-standard,8801,n1-standard-2,6,11.8198,1.308168,europe-west2-a
30,pd-standard,11911,n1-standard-2,6,11.8198,1.702759,europe-west2-a
30,pd-standard,10100,n1-standard-2,6,11.8198,1.874966,europe-west2-a
30,pd-standard,7267,n1-standard-2,6,11.8198,1.214503,europe-west2-a
30,pd-standard,14114,n1-standard-2,6,11.8198,3.175488,europe-west2-a
30,pd-standard,10540,n1-standard-2,6,11.8198,1.11951,europe-west2-a
30,pd-standard,9269,n1-standard-2,6,11.8198,0.8828540000000001,europe-west2-a
30,pd-standard,10206,n1-standard-2,6,11.8198,1.573123,europe-west2-a
30,pd-standard,13393,n1-standard-2,6,11.8198,2.925767,europe-west2-a
30,pd-standard,5117,n1-standard-2,6,11.8198,0.879951,europe-west2-a
30,pd-standard,8740,n1-standard-2,6,11.8198,2.8076830000000004,europe-west2-a
30,pd-standard,7776,n1-standard-2,6,11.8198,0.82599,europe-west2-a
30,pd-standard,5322,n1-standard-2,6,11.8198,1.971747,europe-west2-a
30,pd-standard,13408,n1-standard-2,6,11.8198,2.730119,europe-west2-a
30,pd-standard,15453,n1-standard-2,6,11.8198,3.021284,europe-west2-a
30,pd-standard,13018,n1-standard-2,6,11.8198,2.659841,europe-west2-a
30,pd-standard,14038,n1-standard-2,6,11.8198,1.610613,europe-west2-a
30,pd-standard,9207,n1-standard-2,6,11.8198,1.832859,europe-west2-a
30,pd-standard,4998,n1-standard-2,6,11.8198,1.689542,europe-west2-a
30,pd-standard,10818,n1-standard-2,6,11.8198,0.960399,europe-west2-a
30,pd-standard,9259,n1-standard-2,6,11.8198,1.696164,europe-west2-a
30,pd-standard,12253,n1-standard-2,6,11.8198,2.252321,europe-west2-a
30,pd-standard,11259,n1-standard-2,6,11.8198,1.790818,europe-west2-a
30,pd-standard,10217,n1-standard-2,6,11.8198,1.978384,europe-west2-a
30,pd-standard,16541,n1-standard-2,6,11.8198,4.088693,europe-west2-a
30,pd-standard,11766,n1-standard-2,6,11.8198,2.110965,europe-west2-a
30,pd-standard,13334,n1-standard-2,6,11.8198,1.984516,europe-west2-a
30,pd-standard,9605,n1-standard-2,6,11.8198,2.50189,europe-west2-a
30,pd-standard,9220,n1-standard-2,6,11.8198,3.252695,europe-west2-a
30,pd-standard,10646,n1-standard-2,6,11.8198,3.030263,europe-west2-a
30,pd-standard,6644,n1-standard-2,6,11.8198,1.705544,europe-west2-a
30,pd-standard,5835,n1-standard-2,6,11.8198,1.876284,europe-west2-a
30,pd-standard,13873,n1-standard-2,6,11.8198,2.807913,europe-west2-a
30,pd-standard,10106,n1-standard-2,6,11.8198,1.7410310000000002,europe-west2-a
30,pd-standard,8906,n1-standard-2,6,11.8198,1.850333,europe-west2-a
30,pd-standard,3983,n1-standard-2,6,11.8198,0.986395,europe-west2-a
30,pd-standard,8211,n1-standard-2,6,11.8198,0.582009,europe-west2-a
30,pd-standard,6148,n1-standard-2,6,11.8198,2.924985,europe-west2-a
30,pd-standard,10355,n1-standard-2,6,11.8198,3.046876,europe-west2-a
30,pd-standard,9848,n1-standard-2,6,11.8198,0.986441,europe-west2-a
30,pd-standard,10994,n1-standard-2,6,11.8198,2.22674,europe-west2-a
30,pd-standard,10121,n1-standard-2,6,11.8198,1.041073,europe-west2-a
30,pd-standard,11861,n1-standard-2,6,11.8198,3.042635,europe-west2-a
30,pd-standard,10836,n1-standard-2,6,11.8198,2.60348,europe-west2-a
30,pd-standard,15591,n1-standard-2,6,11.8198,1.982816,europe-west2-a
30,pd-standard,11425,n1-standard-2,6,11.8198,1.6575349999999998,europe-west2-a
30,pd-standard,6749,n1-standard-2,6,11.8198,0.751522,europe-west2-a
30,pd-standard,11282,n1-standard-2,6,11.8198,1.07481,europe-west2-a
30,pd-standard,11432,n1-standard-2,6,11.8198,2.654158,europe-west2-a
30,pd-standard,12301,n1-standard-2,6,11.8198,2.75904,europe-west2-a
30,pd-standard,6087,n1-standard-2,6,11.8198,2.984312,europe-west2-a
30,pd-standard,11140,n1-standard-2,6,11.8198,1.981396,europe-west2-a
30,pd-standard,9275,n1-standard-2,6,11.8198,1.4283370000000002,europe-west2-a
30,pd-standard,15406,n1-standard-2,6,11.8198,3.679849,europe-west2-a
30,pd-standard,8277,n1-standard-2,6,11.8198,3.074512,europe-west2-a
30,pd-standard,13281,n1-standard-2,6,11.8198,2.496556,europe-west2-a
30,pd-standard,12776,n1-standard-2,6,11.8198,3.252571,europe-west2-a
30,pd-standard,12753,n1-standard-2,6,11.8198,3.033593,europe-west2-a
30,pd-standard,8338,n1-standard-2,6,11.8198,0.834316,europe-west2-a
30,pd-standard,10934,n1-standard-2,6,11.8198,1.937066,europe-west2-a
30,pd-standard,8156,n1-standard-2,6,11.8198,0.8034789999999999,europe-west2-a
30,pd-standard,12133,n1-standard-2,6,11.8198,2.656145,europe-west2-a
30,pd-standard,9700,n1-standard-2,6,11.8198,1.597473,europe-west2-a
30,pd-standard,11813,n1-standard-2,6,11.8198,1.451473,europe-west2-a
30,pd-standard,12901,n1-standard-2,6,11.8198,1.680438,europe-west2-a
30,pd-standard,13719,n1-standard-2,6,11.8198,2.061268,europe-west2-a
30,pd-standard,14630,n1-standard-2,6,11.8198,2.330522,europe-west2-a
30,pd-standard,14584,n1-standard-2,6,11.8198,2.807042,europe-west2-a
30,pd-standard,8452,n1-standard-2,6,11.8198,0.8258770000000001,europe-west2-a
30,pd-standard,9954,n1-standard-2,6,11.8198,1.97148,europe-west2-a
30,pd-standard,15465,n1-standard-2,6,11.8198,2.730703,europe-west2-a
30,pd-standard,8156,n1-standard-2,6,11.8198,3.020165,europe-west2-a
30,pd-standard,9530,n1-standard-2,6,11.8198,2.055974,europe-west2-a
30,pd-standard,9502,n1-standard-2,3,12.8658,0.777176,europe-west2-a
30,pd-standard,10925,n1-standard-2,3,12.8658,0.733751,europe-west2-a
30,pd-standard,10408,n1-standard-2,3,12.8658,1.771461,europe-west2-a
30,pd-standard,9901,n1-standard-2,3,12.8658,2.426601,europe-west2-a
30,pd-standard,9754,n1-standard-2,3,12.8658,1.128798,europe-west2-a
30,pd-standard,8866,n1-standard-2,3,12.8658,0.656801,europe-west2-a
30,pd-standard,13211,n1-standard-2,3,12.8658,2.0026759999999997,europe-west2-a
30,pd-standard,13428,n1-standard-2,3,12.8658,1.898152,europe-west2-a
30,pd-standard,6071,n1-standard-2,3,12.8658,0.567062,europe-west2-a
30,pd-standard,13464,n1-standard-2,3,12.8658,2.128807,europe-west2-a
30,pd-standard,9521,n1-standard-2,3,12.8658,1.7362419999999998,europe-west2-a
30,pd-standard,8707,n1-standard-2,3,12.8658,0.9546690000000001,europe-west2-a
30,pd-standard,15918,n1-standard-2,3,12.8658,2.962891,europe-west2-a
30,pd-standard,7975,n1-standard-2,3,12.8658,1.299223,europe-west2-a
30,pd-standard,11713,n1-standard-2,3,12.8658,2.249419,europe-west2-a
30,pd-standard,12386,n1-standard-2,3,12.8658,1.8584330000000002,europe-west2-a
30,pd-standard,7116,n1-standard-2,3,12.8658,1.6737900000000001,europe-west2-a
30,pd-standard,14553,n1-standard-2,3,12.8658,2.8933240000000002,europe-west2-a
30,pd-standard,8409,n1-standard-2,3,12.8658,4.41094,europe-west2-a
30,pd-standard,10662,n1-standard-2,3,12.8658,1.7855020000000001,europe-west2-a
30,pd-standard,14487,n1-standard-2,3,12.8658,3.901124,europe-west2-a
30,pd-standard,9317,n1-standard-2,3,12.8658,1.575603,europe-west2-a
30,pd-standard,7450,n1-standard-2,3,12.8658,0.8484520000000001,europe-west2-a
30,pd-standard,11076,n1-standard-2,3,12.8658,2.609108,europe-west2-a
30,pd-standard,11064,n1-standard-2,3,12.8658,1.9381669999999998,europe-west2-a
30,pd-standard,6025,n1-standard-2,3,12.8658,0.44497299999999995,europe-west2-a
30,pd-standard,15267,n1-standard-2,3,12.8658,3.493982,europe-west2-a
30,pd-standard,7416,n1-standard-2,3,12.8658,1.34381,europe-west2-a
30,pd-standard,15982,n1-standard-2,3,12.8658,3.0747430000000002,europe-west2-a
30,pd-standard,9031,n1-standard-2,3,12.8658,0.838231,europe-west2-a
30,pd-standard,9606,n1-standard-2,3,12.8658,0.81293,europe-west2-a
30,pd-standard,5266,n1-standard-2,3,12.8658,2.168266,europe-west2-a
30,pd-standard,5606,n1-standard-2,3,12.8658,1.440892,europe-west2-a
30,pd-standard,9696,n1-standard-2,3,12.8658,0.857145,europe-west2-a
30,pd-standard,9663,n1-standard-2,3,12.8658,1.6457099999999998,europe-west2-a
30,pd-standard,10923,n1-standard-2,3,12.8658,2.000515,europe-west2-a
30,pd-standard,5754,n1-standard-2,3,12.8658,1.553425,europe-west2-a
30,pd-standard,4314,n1-standard-2,3,12.8658,0.8606729999999999,europe-west2-a
30,pd-standard,7573,n1-standard-2,3,12.8658,1.249132,europe-west2-a
30,pd-standard,7042,n1-standard-2,3,12.8658,1.8636599999999999,europe-west2-a
30,pd-standard,11188,n1-standard-2,3,12.8658,2.015622,europe-west2-a
30,pd-standard,9491,n1-standard-2,3,12.8658,0.738055,europe-west2-a
30,pd-standard,7798,n1-standard-2,3,12.8658,1.929352,europe-west2-a
30,pd-standard,11112,n1-standard-2,3,12.8658,1.520073,europe-west2-a
30,pd-standard,9602,n1-standard-2,3,12.8658,1.618503,europe-west2-a
30,pd-standard,10633,n1-standard-2,3,12.8658,2.652315,europe-west2-a
30,pd-standard,12630,n1-standard-2,3,12.8658,1.8052970000000002,europe-west2-a
30,pd-standard,11097,n1-standard-2,3,12.8658,1.879357,europe-west2-a
30,pd-standard,11810,n1-standard-2,3,12.8658,2.712005,europe-west2-a
30,pd-standard,14305,n1-standard-2,3,12.8658,1.700214,europe-west2-a
30,pd-standard,15969,n1-standard-2,3,12.8658,3.240899,europe-west2-a
30,pd-standard,4983,n1-standard-2,3,12.8658,2.358414,europe-west2-a
30,pd-standard,12400,n1-standard-2,3,12.8658,1.7874189999999999,europe-west2-a
30,pd-standard,10795,n1-standard-2,3,12.8658,2.2184880000000002,europe-west2-a
30,pd-standard,8738,n1-standard-2,3,12.8658,2.53227,europe-west2-a
30,pd-standard,10349,n1-standard-2,3,12.8658,2.271882,europe-west2-a
30,pd-standard,11394,n1-standard-2,3,12.8658,3.012411,europe-west2-a
30,pd-standard,7309,n1-standard-2,3,12.8658,2.577111,europe-west2-a
30,pd-standard,15843,n1-standard-2,3,12.8658,2.601797,europe-west2-a
30,pd-standard,8832,n1-standard-2,3,12.8658,1.206109,europe-west2-a
30,pd-standard,11315,n1-standard-2,3,12.8658,1.9024400000000001,europe-west2-a
30,pd-standard,10484,n1-standard-2,3,12.8658,2.564692,europe-west2-a
30,pd-standard,14739,n1-standard-2,3,12.8658,2.1682,europe-west2-a
30,pd-standard,7050,n1-standard-2,3,12.8658,1.4374879999999999,europe-west2-a
30,pd-standard,9199,n1-standard-2,3,12.8658,0.9865450000000001,europe-west2-a
30,pd-standard,8707,n1-standard-2,3,12.8658,1.645259,europe-west2-a
30,pd-standard,11881,n1-standard-2,3,12.8658,2.0003740000000003,europe-west2-a
30,pd-standard,12916,n1-standard-2,3,12.8658,1.554165,europe-west2-a
30,pd-standard,8941,n1-standard-2,3,12.8658,1.522572,europe-west2-a
30,pd-standard,10510,n1-standard-2,3,12.8658,2.0025779999999997,europe-west2-a
30,pd-standard,8737,n1-standard-2,3,12.8658,1.8973330000000002,europe-west2-a
30,pd-standard,6510,n1-standard-2,3,12.8658,2.218298,europe-west2-a
30,pd-standard,7929,n1-standard-2,3,12.8658,1.234423,europe-west2-a
30,pd-standard,10007,n1-standard-2,3,12.8658,1.9403560000000002,europe-west2-a
30,pd-standard,9231,n1-standard-2,3,12.8658,2.963136,europe-west2-a
30,pd-standard,7095,n1-standard-2,3,12.8658,0.676541,europe-west2-a
30,pd-standard,12035,n1-standard-2,3,12.8658,1.806014,europe-west2-a
30,pd-standard,8966,n1-standard-2,3,12.8658,1.8799400000000002,europe-west2-a
30,pd-standard,14013,n1-standard-2,3,12.8658,2.718994,europe-west2-a
30,pd-standard,11762,n1-standard-2,3,12.8658,1.6994310000000001,europe-west2-a
30,pd-standard,15352,n1-standard-2,3,12.8658,3.2414509999999996,europe-west2-a
30,pd-standard,14075,n1-standard-2,3,12.8658,2.358641,europe-west2-a
30,pd-standard,7864,n1-standard-2,3,12.8658,0.536608,europe-west2-a
30,pd-standard,14814,n1-standard-2,3,12.8658,3.00873,europe-west2-a
30,pd-standard,5697,n1-standard-2,3,12.8658,2.137682,europe-west2-a
30,pd-standard,14048,n1-standard-2,3,12.8658,1.6821720000000002,europe-west2-a
30,pd-standard,11065,n1-standard-2,3,12.8658,2.4218830000000002,europe-west2-a
30,pd-standard,15571,n1-standard-2,3,12.8658,2.911419,europe-west2-a
30,pd-standard,12924,n1-standard-2,3,12.8658,1.8747790000000002,europe-west2-a
30,pd-standard,9590,n1-standard-2,3,12.8658,2.869223,europe-west2-a
30,pd-standard,5563,n1-standard-2,3,12.8658,1.574416,europe-west2-a
30,pd-standard,11698,n1-standard-2,3,12.8658,2.84172,europe-west2-a
30,pd-standard,8441,n1-standard-2,3,12.8658,0.812584,europe-west2-a
30,pd-standard,12307,n1-standard-2,3,12.8658,1.243107,europe-west2-a
30,pd-standard,18315,n1-standard-2,3,12.8658,2.758434,europe-west2-a
30,pd-standard,12708,n1-standard-2,3,12.8658,1.128185,europe-west2-a
30,pd-standard,9871,n1-standard-2,3,12.8658,1.770477,europe-west2-a
30,pd-standard,12687,n1-standard-2,3,12.8658,2.4255430000000002,europe-west2-a
30,pd-standard,10302,n1-standard-2,3,12.8658,1.129756,europe-west2-a
30,pd-standard,8932,n1-standard-2,3,12.8658,1.250147,europe-west2-a
30,pd-standard,11818,n1-standard-2,3,12.8658,1.8616869999999999,europe-west2-a
30,pd-standard,8471,n1-standard-2,3,12.8658,2.0159569999999998,europe-west2-a
30,pd-standard,16449,n1-standard-2,3,12.8658,3.399308,europe-west2-a
30,pd-standard,15594,n1-standard-2,3,12.8658,2.418526,europe-west2-a
30,pd-standard,11266,n1-standard-2,3,12.8658,1.970898,europe-west2-a
30,pd-standard,10498,n1-standard-2,3,12.8658,1.300216,europe-west2-a
30,pd-standard,10505,n1-standard-2,3,12.8658,2.248021,europe-west2-a
30,pd-standard,10343,n1-standard-2,3,12.8658,1.8602169999999998,europe-west2-a
30,pd-standard,6022,n1-standard-2,3,12.8658,1.684693,europe-west2-a
30,pd-standard,2560,n1-standard-2,3,12.8658,1.6873770000000001,europe-west2-a
30,pd-standard,12101,n1-standard-2,3,12.8658,1.190001,europe-west2-a
30,pd-standard,19016,n1-standard-2,3,12.8658,4.951877,europe-west2-a
30,pd-standard,14482,n1-standard-2,3,12.8658,3.008655,europe-west2-a
30,pd-standard,13412,n1-standard-2,3,12.8658,2.138027,europe-west2-a
30,pd-standard,10072,n1-standard-2,3,12.8658,2.12784,europe-west2-a
30,pd-standard,18124,n1-standard-2,3,12.8658,3.0300740000000004,europe-west2-a
30,pd-standard,10336,n1-standard-2,3,12.8658,2.184816,europe-west2-a
30,pd-standard,13511,n1-standard-2,3,12.8658,3.243762,europe-west2-a
30,pd-standard,12867,n1-standard-2,3,12.8658,1.801034,europe-west2-a
30,pd-standard,9918,n1-standard-2,3,12.8658,1.993736,europe-west2-a
30,pd-standard,10662,n1-standard-2,3,12.8658,1.793811,europe-west2-a
30,pd-standard,8292,n1-standard-2,3,12.8658,2.059885,europe-west2-a
30,pd-standard,9927,n1-standard-2,3,12.8658,1.7163979999999999,europe-west2-a
30,pd-standard,12687,n1-standard-1,8,4.184,3.302281,europe-west2-a
30,pd-standard,5154,n1-standard-1,8,4.184,1.181423,europe-west2-a
30,pd-standard,15840,n1-standard-1,8,4.184,2.902003,europe-west2-a
30,pd-standard,10469,n1-standard-1,8,4.184,2.555676,europe-west2-a
30,pd-standard,7635,n1-standard-1,8,4.184,2.376607,europe-west2-a
30,pd-standard,11689,n1-standard-1,8,4.184,3.5848949999999995,europe-west2-a
30,pd-standard,9106,n1-standard-1,8,4.184,1.787352,europe-west2-a
30,pd-standard,11719,n1-standard-1,8,4.184,1.627436,europe-west2-a
30,pd-standard,13288,n1-standard-1,8,4.184,4.6701440000000005,europe-west2-a
30,pd-standard,10118,n1-standard-1,8,4.184,2.263226,europe-west2-a
30,pd-standard,14598,n1-standard-1,8,4.184,5.658297,europe-west2-a
30,pd-standard,10720,n1-standard-1,8,4.184,4.052148000000001,europe-west2-a
30,pd-standard,10318,n1-standard-1,8,4.184,3.299107,europe-west2-a
30,pd-standard,11118,n1-standard-1,8,4.184,3.081126,europe-west2-a
30,pd-standard,9751,n1-standard-1,8,4.184,3.678266,europe-west2-a
30,pd-standard,14646,n1-standard-1,8,4.184,1.974902,europe-west2-a
30,pd-standard,7959,n1-standard-1,8,4.184,2.915668,europe-west2-a
30,pd-standard,7816,n1-standard-1,8,4.184,1.929757,europe-west2-a
30,pd-standard,11145,n1-standard-1,8,4.184,5.043692,europe-west2-a
30,pd-standard,13157,n1-standard-1,8,4.184,2.890688,europe-west2-a
30,pd-standard,5986,n1-standard-1,8,4.184,2.048185,europe-west2-a
30,pd-standard,7741,n1-standard-1,8,4.184,1.531419,europe-west2-a
30,pd-standard,9449,n1-standard-1,8,4.184,1.209152,europe-west2-a
30,pd-standard,12113,n1-standard-1,8,4.184,3.910301,europe-west2-a
30,pd-standard,10133,n1-standard-1,8,4.184,1.673878,europe-west2-a
30,pd-standard,15921,n1-standard-1,8,4.184,3.9636,europe-west2-a
30,pd-standard,7268,n1-standard-1,8,4.184,2.116998,europe-west2-a
30,pd-standard,10261,n1-standard-1,8,4.184,3.009049,europe-west2-a
30,pd-standard,12593,n1-standard-1,8,4.184,4.07009,europe-west2-a
30,pd-standard,12496,n1-standard-1,8,4.184,3.3646870000000004,europe-west2-a
30,pd-standard,14723,n1-standard-1,8,4.184,2.366632,europe-west2-a
30,pd-standard,14515,n1-standard-1,8,4.184,4.235809,europe-west2-a
30,pd-standard,16887,n1-standard-1,8,4.184,3.25562,europe-west2-a
30,pd-standard,10689,n1-standard-1,8,4.184,1.7977919999999998,europe-west2-a
30,pd-standard,10912,n1-standard-1,8,4.184,3.664168,europe-west2-a
30,pd-standard,11048,n1-standard-1,8,4.184,2.219134,europe-west2-a
30,pd-standard,8513,n1-standard-1,8,4.184,4.525216,europe-west2-a
30,pd-standard,5285,n1-standard-1,8,4.184,1.136424,europe-west2-a
30,pd-standard,8447,n1-standard-1,8,4.184,3.266105,europe-west2-a
30,pd-standard,15758,n1-standard-1,8,4.184,3.5022290000000003,europe-west2-a
30,pd-standard,13034,n1-standard-1,8,4.184,3.704859,europe-west2-a
30,pd-standard,8249,n1-standard-1,8,4.184,3.177372,europe-west2-a
30,pd-standard,5281,n1-standard-1,8,4.184,1.181945,europe-west2-a
30,pd-standard,7338,n1-standard-1,8,4.184,2.902357,europe-west2-a
30,pd-standard,8795,n1-standard-1,8,4.184,2.555644,europe-west2-a
30,pd-standard,11771,n1-standard-1,8,4.184,2.376072,europe-west2-a
30,pd-standard,8566,n1-standard-1,8,4.184,3.879582,europe-west2-a
30,pd-standard,13528,n1-standard-1,8,4.184,2.520886,europe-west2-a
30,pd-standard,7864,n1-standard-1,8,4.184,3.919144,europe-west2-a
30,pd-standard,6730,n1-standard-1,8,4.184,2.738885,europe-west2-a
30,pd-standard,14219,n1-standard-1,8,4.184,4.095292,europe-west2-a
30,pd-standard,10332,n1-standard-1,8,4.184,4.891879,europe-west2-a
30,pd-standard,13372,n1-standard-1,8,4.184,3.807054,europe-west2-a
30,pd-standard,9378,n1-standard-1,8,4.184,3.522474,europe-west2-a
30,pd-standard,3729,n1-standard-1,8,4.184,2.3787830000000003,europe-west2-a
30,pd-standard,15680,n1-standard-1,8,4.184,3.524655,europe-west2-a
30,pd-standard,10469,n1-standard-1,8,4.184,2.361495,europe-west2-a
30,pd-standard,10349,n1-standard-1,8,4.184,2.491116,europe-west2-a
30,pd-standard,11283,n1-standard-1,8,4.184,3.920417,europe-west2-a
30,pd-standard,11787,n1-standard-1,8,4.184,3.466413,europe-west2-a
30,pd-standard,11564,n1-standard-1,8,4.184,0.981739,europe-west2-a
30,pd-standard,13595,n1-standard-1,8,4.184,2.6619330000000003,europe-west2-a
30,pd-standard,9575,n1-standard-1,8,4.184,2.786954,europe-west2-a
30,pd-standard,10322,n1-standard-1,8,4.184,1.868293,europe-west2-a
30,pd-standard,10725,n1-standard-1,8,4.184,3.069755,europe-west2-a
30,pd-standard,10651,n1-standard-1,8,4.184,0.954868,europe-west2-a
30,pd-standard,13068,n1-standard-1,8,4.184,3.878506,europe-west2-a
30,pd-standard,6777,n1-standard-1,8,4.184,2.522121,europe-west2-a
30,pd-standard,19198,n1-standard-1,8,4.184,3.919291,europe-west2-a
30,pd-standard,11808,n1-standard-1,8,4.184,2.739273,europe-west2-a
30,pd-standard,12302,n1-standard-1,8,4.184,4.095964,europe-west2-a
30,pd-standard,14592,n1-standard-1,8,4.184,4.890496,europe-west2-a
30,pd-standard,10017,n1-standard-1,8,4.184,3.808151,europe-west2-a
30,pd-standard,17429,n1-standard-1,8,4.184,3.5225800000000005,europe-west2-a
30,pd-standard,12965,n1-standard-1,8,4.184,2.379685,europe-west2-a
30,pd-standard,8203,n1-standard-1,8,4.184,3.5256760000000003,europe-west2-a
30,pd-standard,14326,n1-standard-1,8,4.184,2.361392,europe-west2-a
30,pd-standard,14602,n1-standard-1,8,4.184,2.491409,europe-west2-a
30,pd-standard,15532,n1-standard-1,8,4.184,3.920783,europe-west2-a
30,pd-standard,12805,n1-standard-1,8,4.184,3.4674400000000003,europe-west2-a
30,pd-standard,5758,n1-standard-1,6,4.6547,3.422246,europe-west2-a
30,pd-standard,10037,n1-standard-1,6,4.6547,3.680395,europe-west2-a
30,pd-standard,11832,n1-standard-1,6,4.6547,2.556721,europe-west2-a
30,pd-standard,7794,n1-standard-1,6,4.6547,2.45036,europe-west2-a
30,pd-standard,9623,n1-standard-1,6,4.6547,2.599353,europe-west2-a
30,pd-standard,6590,n1-standard-1,6,4.6547,2.049353,europe-west2-a
30,pd-standard,9773,n1-standard-1,6,4.6547,1.886987,europe-west2-a
30,pd-standard,14266,n1-standard-1,6,4.6547,1.734745,europe-west2-a
30,pd-standard,14347,n1-standard-1,6,4.6547,3.753425,europe-west2-a
30,pd-standard,8126,n1-standard-1,6,4.6547,0.837251,europe-west2-a
30,pd-standard,6844,n1-standard-1,6,4.6547,4.514741000000001,europe-west2-a
30,pd-standard,11439,n1-standard-1,6,4.6547,4.6830690000000015,europe-west2-a
30,pd-standard,4806,n1-standard-1,6,4.6547,3.3109919999999997,europe-west2-a
30,pd-standard,5466,n1-standard-1,6,4.6547,1.9499849999999999,europe-west2-a
30,pd-standard,12186,n1-standard-1,6,4.6547,2.6735349999999998,europe-west2-a
30,pd-standard,10466,n1-standard-1,6,4.6547,2.150446,europe-west2-a
30,pd-standard,13058,n1-standard-1,6,4.6547,3.6632239999999996,europe-west2-a
30,pd-standard,12670,n1-standard-1,6,4.6547,1.44385,europe-west2-a
30,pd-standard,6771,n1-standard-1,6,4.6547,2.8758049999999997,europe-west2-a
30,pd-standard,11523,n1-standard-1,6,4.6547,2.199183,europe-west2-a
30,pd-standard,9195,n1-standard-1,6,4.6547,3.432406,europe-west2-a
30,pd-standard,13959,n1-standard-1,6,4.6547,2.722362,europe-west2-a
30,pd-standard,12178,n1-standard-1,6,4.6547,1.899534,europe-west2-a
30,pd-standard,15609,n1-standard-1,6,4.6547,3.098973,europe-west2-a
30,pd-standard,14692,n1-standard-1,6,4.6547,2.760341,europe-west2-a
30,pd-standard,13811,n1-standard-1,6,4.6547,3.011609,europe-west2-a
30,pd-standard,8659,n1-standard-1,6,4.6547,1.976055,europe-west2-a
30,pd-standard,5821,n1-standard-1,6,4.6547,2.076821,europe-west2-a
30,pd-standard,11401,n1-standard-1,6,4.6547,2.902406,europe-west2-a
30,pd-standard,8034,n1-standard-1,6,4.6547,2.718427,europe-west2-a
30,pd-standard,12716,n1-standard-1,6,4.6547,2.838057,europe-west2-a
30,pd-standard,8079,n1-standard-1,6,4.6547,1.645257,europe-west2-a
30,pd-standard,16811,n1-standard-1,6,4.6547,3.164539,europe-west2-a
30,pd-standard,17031,n1-standard-1,6,4.6547,4.6162790000000005,europe-west2-a
30,pd-standard,11527,n1-standard-1,6,4.6547,3.5580019999999997,europe-west2-a
30,pd-standard,12176,n1-standard-1,6,4.6547,1.9037110000000002,europe-west2-a
30,pd-standard,7828,n1-standard-1,6,4.6547,2.284396,europe-west2-a
30,pd-standard,11847,n1-standard-1,6,4.6547,2.762753,europe-west2-a
30,pd-standard,11338,n1-standard-1,6,4.6547,2.7077880000000003,europe-west2-a
30,pd-standard,11155,n1-standard-1,6,4.6547,2.6733119999999997,europe-west2-a
30,pd-standard,7778,n1-standard-1,6,4.6547,2.5240139999999998,europe-west2-a
30,pd-standard,9829,n1-standard-1,6,4.6547,2.420402,europe-west2-a
30,pd-standard,14653,n1-standard-1,6,4.6547,3.2782519999999997,europe-west2-a
30,pd-standard,6696,n1-standard-1,6,4.6547,2.111738,europe-west2-a
30,pd-standard,6865,n1-standard-1,6,4.6547,1.352222,europe-west2-a
30,pd-standard,12431,n1-standard-1,6,4.6547,1.716791,europe-west2-a
30,pd-standard,14632,n1-standard-1,6,4.6547,3.1730549999999997,europe-west2-a
30,pd-standard,13070,n1-standard-1,6,4.6547,4.070698999999999,europe-west2-a
30,pd-standard,7915,n1-standard-1,6,4.6547,1.8812650000000002,europe-west2-a
30,pd-standard,13044,n1-standard-1,6,4.6547,3.265971,europe-west2-a
30,pd-standard,5585,n1-standard-1,6,4.6547,0.695181,europe-west2-a
30,pd-standard,10237,n1-standard-1,6,4.6547,2.801977,europe-west2-a
30,pd-standard,6588,n1-standard-1,6,4.6547,2.515028,europe-west2-a
30,pd-standard,11751,n1-standard-1,6,4.6547,2.417806,europe-west2-a
30,pd-standard,9686,n1-standard-1,6,4.6547,2.173023,europe-west2-a
30,pd-standard,6856,n1-standard-1,6,4.6547,3.7934400000000004,europe-west2-a
30,pd-standard,12051,n1-standard-1,6,4.6547,3.8698230000000002,europe-west2-a
30,pd-standard,14202,n1-standard-1,6,4.6547,2.662945,europe-west2-a
30,pd-standard,13345,n1-standard-1,6,4.6547,1.761628,europe-west2-a
30,pd-standard,13102,n1-standard-1,6,4.6547,3.4055160000000004,europe-west2-a
30,pd-standard,7444,n1-standard-1,6,4.6547,1.497091,europe-west2-a
30,pd-standard,11348,n1-standard-1,6,4.6547,3.368286,europe-west2-a
30,pd-standard,9003,n1-standard-1,6,4.6547,2.246884,europe-west2-a
30,pd-standard,9089,n1-standard-1,6,4.6547,2.9316259999999996,europe-west2-a
30,pd-standard,12888,n1-standard-1,6,4.6547,1.541711,europe-west2-a
30,pd-standard,10021,n1-standard-1,6,4.6547,3.156566,europe-west2-a
30,pd-standard,13706,n1-standard-1,6,4.6547,2.273237,europe-west2-a
30,pd-standard,15356,n1-standard-1,6,4.6547,3.202899,europe-west2-a
30,pd-standard,8547,n1-standard-1,6,4.6547,3.154504,europe-west2-a
30,pd-standard,9688,n1-standard-1,6,4.6547,3.6812620000000003,europe-west2-a
30,pd-standard,8960,n1-standard-1,6,4.6547,2.558655,europe-west2-a
30,pd-standard,10161,n1-standard-1,6,4.6547,2.4534700000000003,europe-west2-a
30,pd-standard,12879,n1-standard-1,6,4.6547,2.59813,europe-west2-a
30,pd-standard,13533,n1-standard-1,6,4.6547,2.803138,europe-west2-a
30,pd-standard,10348,n1-standard-1,6,4.6547,2.513931,europe-west2-a
30,pd-standard,8140,n1-standard-1,6,4.6547,2.4172279999999997,europe-west2-a
30,pd-standard,3874,n1-standard-1,6,4.6547,2.173711,europe-west2-a
30,pd-standard,16188,n1-standard-1,6,4.6547,3.794954,europe-west2-a
30,pd-standard,14404,n1-standard-1,6,4.6547,4.615121,europe-west2-a
30,pd-standard,10686,n1-standard-1,6,4.6547,3.556964,europe-west2-a
30,pd-standard,11661,n1-standard-1,6,4.6547,1.9039709999999999,europe-west2-a
30,pd-standard,11018,n1-standard-1,6,4.6547,2.284174,europe-west2-a
30,pd-standard,9378,n1-standard-1,6,4.6547,2.758649,europe-west2-a
30,pd-standard,12053,n1-standard-1,6,4.6547,2.712137,europe-west2-a
30,pd-standard,3593,n1-standard-1,6,4.6547,2.673235,europe-west2-a
30,pd-standard,11910,n1-standard-1,6,4.6547,2.524852,europe-west2-a
30,pd-standard,12128,n1-standard-1,6,4.6547,2.420556,europe-west2-a
30,pd-standard,8344,n1-standard-1,6,4.6547,3.278143,europe-west2-a
30,pd-standard,2752,n1-standard-1,6,4.6547,3.2014110000000002,europe-west2-a
30,pd-standard,10394,n1-standard-1,3,4.3932,1.342767,europe-west2-a
30,pd-standard,17331,n1-standard-1,3,4.3932,5.221719,europe-west2-a
30,pd-standard,10147,n1-standard-1,3,4.3932,3.133741,europe-west2-a
30,pd-standard,9658,n1-standard-1,3,4.3932,3.342766000000001,europe-west2-a
30,pd-standard,9957,n1-standard-1,3,4.3932,3.969817,europe-west2-a
30,pd-standard,8201,n1-standard-1,3,4.3932,3.837801,europe-west2-a
30,pd-standard,13534,n1-standard-1,3,4.3932,3.25503,europe-west2-a
30,pd-standard,15630,n1-standard-1,3,4.3932,5.6873830000000005,europe-west2-a
30,pd-standard,13428,n1-standard-1,3,4.3932,3.654578,europe-west2-a
30,pd-standard,9640,n1-standard-1,3,4.3932,3.502057,europe-west2-a
30,pd-standard,11075,n1-standard-1,3,4.3932,2.43458,europe-west2-a
30,pd-standard,5806,n1-standard-1,3,4.3932,2.659349,europe-west2-a
30,pd-standard,11651,n1-standard-1,3,4.3932,2.353558,europe-west2-a
30,pd-standard,8811,n1-standard-1,3,4.3932,2.1943580000000003,europe-west2-a
30,pd-standard,8132,n1-standard-1,3,4.3932,3.632538,europe-west2-a
30,pd-standard,10713,n1-standard-1,3,4.3932,1.997376,europe-west2-a
30,pd-standard,10913,n1-standard-1,3,4.3932,1.653415,europe-west2-a
30,pd-standard,7459,n1-standard-1,3,4.3932,1.919486,europe-west2-a
30,pd-standard,10022,n1-standard-1,3,4.3932,2.215974,europe-west2-a
30,pd-standard,8865,n1-standard-1,3,4.3932,3.895444,europe-west2-a
30,pd-standard,6426,n1-standard-1,3,4.3932,1.210551,europe-west2-a
30,pd-standard,15680,n1-standard-1,3,4.3932,5.221543,europe-west2-a
30,pd-standard,11969,n1-standard-1,3,4.3932,3.130125,europe-west2-a
30,pd-standard,15891,n1-standard-1,3,4.3932,3.342333,europe-west2-a
30,pd-standard,11663,n1-standard-1,3,4.3932,3.969723,europe-west2-a
30,pd-standard,11164,n1-standard-1,3,4.3932,3.837783,europe-west2-a
30,pd-standard,10374,n1-standard-1,3,4.3932,3.256262,europe-west2-a
30,pd-standard,18376,n1-standard-1,3,4.3932,5.685253,europe-west2-a
30,pd-standard,14750,n1-standard-1,3,4.3932,3.654395,europe-west2-a
30,pd-standard,13575,n1-standard-1,3,4.3932,3.5029410000000003,europe-west2-a
30,pd-standard,5768,n1-standard-1,3,4.3932,2.434884,europe-west2-a
30,pd-standard,10453,n1-standard-1,3,4.3932,2.660202,europe-west2-a
30,pd-standard,13211,n1-standard-1,3,4.3932,2.353842,europe-west2-a
30,pd-standard,3363,n1-standard-1,3,4.3932,2.194612,europe-west2-a
30,pd-standard,13923,n1-standard-1,3,4.3932,3.63118,europe-west2-a
30,pd-standard,10902,n1-standard-1,3,4.3932,1.998021,europe-west2-a
30,pd-standard,8055,n1-standard-1,3,4.3932,1.6541860000000002,europe-west2-a
30,pd-standard,12432,n1-standard-1,3,4.3932,1.918346,europe-west2-a
30,pd-standard,10372,n1-standard-1,3,4.3932,2.21751,europe-west2-a
30,pd-standard,14398,n1-standard-1,3,4.3932,3.895845,europe-west2-a
30,pd-standard,3756,n1-standard-1,3,4.3932,0.095612,europe-west2-a
30,pd-standard,9161,n1-standard-1,3,4.3932,0.770592,europe-west2-a
30,pd-standard,4816,n1-standard-1,3,4.3932,2.631721,europe-west2-a
30,pd-standard,16704,n1-standard-1,3,4.3932,5.764893,europe-west2-a
30,pd-standard,5753,n1-standard-1,3,4.3932,1.251888,europe-west2-a
30,pd-standard,11651,n1-standard-1,3,4.3932,4.393541,europe-west2-a
30,pd-standard,18062,n1-standard-1,3,4.3932,2.427627,europe-west2-a
30,pd-standard,14062,n1-standard-1,3,4.3932,2.954014,europe-west2-a
30,pd-standard,13728,n1-standard-1,3,4.3932,3.008148,europe-west2-a
30,pd-standard,9606,n1-standard-1,3,4.3932,2.237791,europe-west2-a
30,pd-standard,5297,n1-standard-1,3,4.3932,5.884189,europe-west2-a
30,pd-standard,13971,n1-standard-1,3,4.3932,2.554537,europe-west2-a
30,pd-standard,6445,n1-standard-1,3,4.3932,4.415454,europe-west2-a
30,pd-standard,8519,n1-standard-1,3,4.3932,2.472844,europe-west2-a
30,pd-standard,8595,n1-standard-1,3,4.3932,2.904791,europe-west2-a
30,pd-standard,5594,n1-standard-1,3,4.3932,1.787296,europe-west2-a
30,pd-standard,17467,n1-standard-1,3,4.3932,3.4797510000000003,europe-west2-a
30,pd-standard,8654,n1-standard-1,3,4.3932,2.026418,europe-west2-a
30,pd-standard,8311,n1-standard-1,3,4.3932,2.22708,europe-west2-a
30,pd-standard,6559,n1-standard-1,3,4.3932,1.392975,europe-west2-a
30,pd-standard,11398,n1-standard-1,3,4.3932,2.7510830000000004,europe-west2-a
30,pd-standard,7071,n1-standard-1,3,4.3932,1.667056,europe-west2-a
30,pd-standard,11774,n1-standard-1,3,4.3932,3.903465,europe-west2-a
30,pd-standard,17262,n1-standard-1,3,4.3932,4.409648000000002,europe-west2-a
30,pd-standard,6816,n1-standard-1,3,4.3932,3.260749,europe-west2-a
30,pd-standard,9116,n1-standard-1,3,4.3932,2.584796,europe-west2-a
30,pd-standard,12412,n1-standard-1,3,4.3932,3.075084,europe-west2-a
30,pd-standard,10828,n1-standard-1,3,4.3932,5.105462,europe-west2-a
30,pd-standard,12411,n1-standard-1,3,4.3932,3.037434,europe-west2-a
30,pd-standard,13779,n1-standard-1,3,4.3932,4.706378,europe-west2-a
30,pd-standard,14957,n1-standard-1,3,4.3932,3.3018910000000004,europe-west2-a
30,pd-standard,6117,n1-standard-1,3,4.3932,4.240942,europe-west2-a
30,pd-standard,17307,n1-standard-1,3,4.3932,2.754729,europe-west2-a
30,pd-standard,12468,n1-standard-1,3,4.3932,2.030651,europe-west2-a
30,pd-standard,14249,n1-standard-1,3,4.3932,1.7543529999999998,europe-west2-a
30,pd-standard,10886,n1-standard-1,3,4.3932,1.7217919999999998,europe-west2-a
30,pd-standard,12271,n1-standard-1,3,4.3932,2.843638,europe-west2-a
30,pd-standard,12140,n1-standard-1,3,4.3932,3.0282720000000003,europe-west2-a
30,pd-standard,9464,n1-standard-1,3,4.3932,3.085116,europe-west2-a
30,pd-standard,4698,n1-standard-1,3,4.3932,1.181922,europe-west2-a
30,pd-standard,9277,n1-standard-1,3,4.3932,2.074086,europe-west2-a
30,pd-standard,6221,n1-standard-1,3,4.3932,1.875148,europe-west2-a
30,pd-standard,11684,n1-standard-1,3,4.3932,3.422092,europe-west2-a
30,pd-standard,15780,n1-standard-1,3,4.3932,2.70528,europe-west2-a
30,pd-standard,11459,g1-small,8,2.166,3.1615599999999997,europe-west2-a
30,pd-standard,10419,g1-small,8,2.166,1.765011,europe-west2-a
30,pd-standard,14581,g1-small,8,2.166,2.6642919999999997,europe-west2-a
30,pd-standard,15069,g1-small,8,2.166,4.0004550000000005,europe-west2-a
30,pd-standard,5538,g1-small,8,2.166,2.358853,europe-west2-a
30,pd-standard,11624,g1-small,8,2.166,4.81205,europe-west2-a
30,pd-standard,10986,g1-small,8,2.166,2.3641900000000002,europe-west2-a
30,pd-standard,13922,g1-small,8,2.166,3.550444,europe-west2-a
30,pd-standard,9727,g1-small,8,2.166,1.575727,europe-west2-a
30,pd-standard,8232,g1-small,8,2.166,3.848563,europe-west2-a
30,pd-standard,10291,g1-small,8,2.166,1.593733,europe-west2-a
30,pd-standard,16268,g1-small,8,2.166,5.204811,europe-west2-a
30,pd-standard,13326,g1-small,8,2.166,2.985822,europe-west2-a
30,pd-standard,15364,g1-small,8,2.166,3.312393,europe-west2-a
30,pd-standard,14653,g1-small,8,2.166,3.556203,europe-west2-a
30,pd-standard,11019,g1-small,8,2.166,3.1505799999999997,europe-west2-a
30,pd-standard,14062,g1-small,8,2.166,3.0420990000000003,europe-west2-a
30,pd-standard,9316,g1-small,8,2.166,3.548204,europe-west2-a
30,pd-standard,9292,g1-small,8,2.166,2.605638,europe-west2-a
30,pd-standard,13883,g1-small,8,2.166,1.853749,europe-west2-a
30,pd-standard,11271,g1-small,8,2.166,3.063741,europe-west2-a
30,pd-standard,13149,g1-small,8,2.166,3.9285069999999997,europe-west2-a
30,pd-standard,8301,g1-small,8,2.166,2.746387,europe-west2-a
30,pd-standard,16799,g1-small,8,2.166,4.181478,europe-west2-a
30,pd-standard,10119,g1-small,8,2.166,1.526689,europe-west2-a
30,pd-standard,14308,g1-small,8,2.166,3.033188,europe-west2-a
30,pd-standard,9509,g1-small,8,2.166,2.014496,europe-west2-a
30,pd-standard,9461,g1-small,8,2.166,1.902595,europe-west2-a
30,pd-standard,12567,g1-small,8,2.166,3.3424160000000005,europe-west2-a
30,pd-standard,13489,g1-small,8,2.166,2.424121,europe-west2-a
30,pd-standard,11264,g1-small,8,2.166,3.459398,europe-west2-a
30,pd-standard,18098,g1-small,8,2.166,4.082184,europe-west2-a
30,pd-standard,13972,g1-small,8,2.166,4.19637,europe-west2-a
30,pd-standard,9425,g1-small,8,2.166,2.755718,europe-west2-a
30,pd-standard,10312,g1-small,8,2.166,3.9453910000000003,europe-west2-a
30,pd-standard,14147,g1-small,8,2.166,2.650087,europe-west2-a
30,pd-standard,10956,g1-small,8,2.166,4.930422,europe-west2-a
30,pd-standard,8358,g1-small,8,2.166,1.405628,europe-west2-a
30,pd-standard,11685,g1-small,8,2.166,2.850726,europe-west2-a
30,pd-standard,11088,g1-small,8,2.166,4.210353,europe-west2-a
30,pd-standard,7972,g1-small,8,2.166,2.7618009999999997,europe-west2-a
30,pd-standard,13886,g1-small,8,2.166,3.245165,europe-west2-a
30,pd-standard,10419,g1-small,8,2.166,2.506751,europe-west2-a
30,pd-standard,14991,g1-small,8,2.166,4.486465,europe-west2-a
30,pd-standard,9942,g1-small,8,2.166,3.7584989999999996,europe-west2-a
30,pd-standard,7149,g1-small,8,2.166,2.095527,europe-west2-a
30,pd-standard,4970,g1-small,8,2.166,2.647599,europe-west2-a
30,pd-standard,13552,g1-small,8,2.166,3.8428269999999998,europe-west2-a
30,pd-standard,13239,g1-small,8,2.166,2.491212,europe-west2-a
30,pd-standard,10716,g1-small,8,2.166,3.3715900000000003,europe-west2-a
30,pd-standard,6389,g1-small,8,2.166,3.054943,europe-west2-a
30,pd-standard,11944,g1-small,8,2.166,2.8669700000000002,europe-west2-a
30,pd-standard,12522,g1-small,8,2.166,4.32584,europe-west2-a
30,pd-standard,10452,g1-small,8,2.166,2.030366,europe-west2-a
30,pd-standard,11547,g1-small,8,2.166,4.263807,europe-west2-a
30,pd-standard,6376,g1-small,8,2.166,2.0312040000000002,europe-west2-a
30,pd-standard,9560,g1-small,8,2.166,3.847554,europe-west2-a
30,pd-standard,7461,g1-small,8,2.166,2.3723970000000003,europe-west2-a
30,pd-standard,13487,g1-small,8,2.166,3.928205,europe-west2-a
30,pd-standard,8370,g1-small,8,2.166,2.760455,europe-west2-a
30,pd-standard,12099,g1-small,8,2.166,3.244972,europe-west2-a
30,pd-standard,8668,g1-small,8,2.166,2.504336,europe-west2-a
30,pd-standard,13056,g1-small,8,2.166,4.487598,europe-west2-a
30,pd-standard,10260,g1-small,8,2.166,3.7583849999999996,europe-west2-a
30,pd-standard,11751,g1-small,8,2.166,2.096146,europe-west2-a
30,pd-standard,12285,g1-small,8,2.166,2.647329,europe-west2-a
30,pd-standard,12752,g1-small,8,2.166,3.8425480000000003,europe-west2-a
30,pd-standard,9521,g1-small,8,2.166,2.49008,europe-west2-a
30,pd-standard,9255,g1-small,8,2.166,5.204192,europe-west2-a
30,pd-standard,13191,g1-small,8,2.166,2.9886310000000003,europe-west2-a
30,pd-standard,7685,g1-small,8,2.166,3.312811,europe-west2-a
30,pd-standard,12198,g1-small,8,2.166,3.5564150000000003,europe-west2-a
30,pd-standard,11749,g1-small,8,2.166,3.15167,europe-west2-a
30,pd-standard,12844,g1-small,8,2.166,3.042,europe-west2-a
30,pd-standard,18430,g1-small,8,2.166,3.548622,europe-west2-a
30,pd-standard,15218,g1-small,8,2.166,2.606616,europe-west2-a
30,pd-standard,7961,g1-small,6,2.4225,3.438426,europe-west2-a
30,pd-standard,13327,g1-small,6,2.4225,2.620048,europe-west2-a
30,pd-standard,16972,g1-small,6,2.4225,4.214359,europe-west2-a
30,pd-standard,7757,g1-small,6,2.4225,1.493031,europe-west2-a
30,pd-standard,14307,g1-small,6,2.4225,2.85206,europe-west2-a
30,pd-standard,11646,g1-small,6,2.4225,3.234293,europe-west2-a
30,pd-standard,15016,g1-small,6,2.4225,3.333131,europe-west2-a
30,pd-standard,13291,g1-small,6,2.4225,2.385583,europe-west2-a
30,pd-standard,10108,g1-small,6,2.4225,2.768204,europe-west2-a
30,pd-standard,15348,g1-small,6,2.4225,2.785371,europe-west2-a
30,pd-standard,10579,g1-small,6,2.4225,2.3724990000000004,europe-west2-a
30,pd-standard,8933,g1-small,6,2.4225,2.640207,europe-west2-a
30,pd-standard,8664,g1-small,6,2.4225,3.245511,europe-west2-a
30,pd-standard,7866,g1-small,6,2.4225,1.27829,europe-west2-a
30,pd-standard,14136,g1-small,6,2.4225,4.084495,europe-west2-a
30,pd-standard,10538,g1-small,6,2.4225,1.701629,europe-west2-a
30,pd-standard,11209,g1-small,6,2.4225,4.8817330000000005,europe-west2-a
30,pd-standard,10475,g1-small,6,2.4225,2.910862,europe-west2-a
30,pd-standard,8666,g1-small,6,2.4225,3.5990839999999995,europe-west2-a
30,pd-standard,14550,g1-small,6,2.4225,1.99441,europe-west2-a
30,pd-standard,12791,g1-small,6,2.4225,3.111254,europe-west2-a
30,pd-standard,13558,g1-small,6,2.4225,2.767164,europe-west2-a
30,pd-standard,9371,g1-small,6,2.4225,2.465751,europe-west2-a
30,pd-standard,12068,g1-small,6,2.4225,3.46105,europe-west2-a
30,pd-standard,10419,g1-small,6,2.4225,2.778033,europe-west2-a
30,pd-standard,7412,g1-small,6,2.4225,1.8902,europe-west2-a
30,pd-standard,12588,g1-small,6,2.4225,3.237022,europe-west2-a
30,pd-standard,10125,g1-small,6,2.4225,2.983498,europe-west2-a
30,pd-standard,11697,g1-small,6,2.4225,3.627582,europe-west2-a
30,pd-standard,3058,g1-small,6,2.4225,2.087067,europe-west2-a
30,pd-standard,11314,g1-small,6,2.4225,3.207754,europe-west2-a
30,pd-standard,10648,g1-small,6,2.4225,2.369618,europe-west2-a
30,pd-standard,6659,g1-small,6,2.4225,2.211848,europe-west2-a
30,pd-standard,12475,g1-small,6,2.4225,3.680584,europe-west2-a
30,pd-standard,9579,g1-small,6,2.4225,1.7200400000000002,europe-west2-a
30,pd-standard,7869,g1-small,6,2.4225,2.726399,europe-west2-a
30,pd-standard,10653,g1-small,6,2.4225,2.992688,europe-west2-a
30,pd-standard,15762,g1-small,6,2.4225,3.681065,europe-west2-a
30,pd-standard,13286,g1-small,6,2.4225,3.814633,europe-west2-a
30,pd-standard,13652,g1-small,6,2.4225,3.65139,europe-west2-a
30,pd-standard,7538,g1-small,6,2.4225,2.523653,europe-west2-a
30,pd-standard,12381,g1-small,6,2.4225,2.382432,europe-west2-a
30,pd-standard,10447,g1-small,6,2.4225,1.303153,europe-west2-a
30,pd-standard,11844,g1-small,6,2.4225,2.252443,europe-west2-a
30,pd-standard,13703,g1-small,6,2.4225,3.976731,europe-west2-a
30,pd-standard,11025,g1-small,6,2.4225,3.175123,europe-west2-a
30,pd-standard,9617,g1-small,6,2.4225,2.029829,europe-west2-a
30,pd-standard,10769,g1-small,6,2.4225,2.178657,europe-west2-a
30,pd-standard,16335,g1-small,6,2.4225,4.172048,europe-west2-a
30,pd-standard,11348,g1-small,6,2.4225,2.162689,europe-west2-a
30,pd-standard,10330,g1-small,6,2.4225,3.635185,europe-west2-a
30,pd-standard,11594,g1-small,6,2.4225,1.392779,europe-west2-a
30,pd-standard,12347,g1-small,6,2.4225,4.141636,europe-west2-a
30,pd-standard,6615,g1-small,6,2.4225,1.4940639999999998,europe-west2-a
30,pd-standard,15310,g1-small,6,2.4225,3.804492,europe-west2-a
30,pd-standard,10258,g1-small,6,2.4225,1.879514,europe-west2-a
30,pd-standard,8678,g1-small,6,2.4225,2.13308,europe-west2-a
30,pd-standard,16543,g1-small,6,2.4225,3.013156,europe-west2-a
30,pd-standard,9324,g1-small,6,2.4225,3.782862,europe-west2-a
30,pd-standard,10560,g1-small,6,2.4225,2.480473,europe-west2-a
30,pd-standard,11793,g1-small,6,2.4225,4.95621,europe-west2-a
30,pd-standard,11503,g1-small,6,2.4225,2.219543,europe-west2-a
30,pd-standard,6074,g1-small,6,2.4225,3.177162,europe-west2-a
30,pd-standard,10140,g1-small,6,2.4225,2.251934,europe-west2-a
30,pd-standard,10679,g1-small,6,2.4225,2.575283,europe-west2-a
30,pd-standard,7798,g1-small,6,2.4225,2.467332,europe-west2-a
30,pd-standard,12603,g1-small,6,2.4225,3.460805,europe-west2-a
30,pd-standard,6330,g1-small,6,2.4225,2.7772330000000003,europe-west2-a
30,pd-standard,8005,g1-small,6,2.4225,1.890676,europe-west2-a
30,pd-standard,7487,g1-small,6,2.4225,3.23745,europe-west2-a
30,pd-standard,5705,g1-small,6,2.4225,2.982927,europe-west2-a
30,pd-standard,10143,g1-small,6,2.4225,3.628996,europe-west2-a
30,pd-standard,10817,g1-small,6,2.4225,2.08587,europe-west2-a
30,pd-standard,10443,g1-small,6,2.4225,3.20722,europe-west2-a
30,pd-standard,10559,g1-small,6,2.4225,2.3699060000000003,europe-west2-a
30,pd-standard,12436,g1-small,6,2.4225,2.212626,europe-west2-a
30,pd-standard,12417,g1-small,6,2.4225,3.682542,europe-west2-a
30,pd-standard,8974,g1-small,6,2.4225,1.719699,europe-west2-a
30,pd-standard,8496,g1-small,6,2.4225,2.725851,europe-west2-a
30,pd-standard,10284,g1-small,6,2.4225,2.992453,europe-west2-a
30,pd-standard,14302,g1-small,6,2.4225,3.683637,europe-west2-a
30,pd-standard,16422,g1-small,6,2.4225,3.814644,europe-west2-a
30,pd-standard,13327,g1-small,6,2.4225,3.650552,europe-west2-a
30,pd-standard,10412,g1-small,6,2.4225,2.525179,europe-west2-a
30,pd-standard,11518,g1-small,6,2.4225,2.381703,europe-west2-a
